Name,Class,Age_Group,Nationality,Event,Year,Run_One,Ski_Erg,Run_Two,Sled_Push,Run_Three,Sled_Pull,Run_Four,BBJ,Run_Five,Row_Erg,Run_Six,Farmers_Carry,Run_Seven,Lunges,Run_Eight,Wall_Balls,Rox_zone
graham-halliday,HYROX PRO MEN,30-34,SCO,Athens,2026,3.9166666666666665,3.8333333333333335,3.216666666666667,2.4833333333333334,3.3666666666666667,3.1333333333333333,3.433333333333333,2.433333333333333,3.45,3.95,3.3666666666666667,1.45,3.466666666666667,2.55,3.533333333333333,3.3833333333333333,4.283333333333333
adrien-leroux,HYROX PRO MEN,16-24,France,Athens,2026,3.85,4.0,3.2333333333333334,3.033333333333333,3.35,3.3333333333333335,3.3833333333333333,2.7333333333333334,3.4166666666666665,3.95,3.4833333333333334,1.4166666666666667,3.5166666666666666,3.283333333333333,3.4166666666666665,4.8,4.366666666666666
corentin-sinic,HYROX PRO MEN,25-29,France,Athens,2026,3.95,3.9,3.466666666666667,2.8833333333333333,3.55,4.083333333333333,3.5833333333333335,2.933333333333333,3.466666666666667,4.0,3.716666666666667,1.6833333333333333,3.5,3.6333333333333333,3.55,3.9,4.783333333333333
nico-kuettner,HYROX PRO MEN,25-29,Germany,Athens,2026,4.283333333333333,3.9833333333333334,3.5166666666666666,2.9166666666666665,3.65,3.6,3.6666666666666665,3.15,3.6666666666666665,4.15,3.6166666666666667,1.7166666666666666,3.65,4.2,3.65,4.016666666666667,4.533333333333333
charlie-brown,HYROX PRO MEN,16-24,United Kingdom,Athens,2026,4.183333333333334,4.066666666666666,3.45,2.5833333333333335,3.816666666666667,4.05,3.683333333333333,3.25,3.6,4.25,3.533333333333333,1.5,3.683333333333333,3.566666666666667,3.7,6.333333333333333,4.533333333333333
aurelien-brunet,HYROX PRO MEN,30-34,France,Athens,2026,4.266666666666667,4.066666666666666,3.55,2.7333333333333334,3.816666666666667,3.9,3.8333333333333335,3.4833333333333334,3.9,4.35,3.75,1.7,3.8333333333333335,3.95,3.9166666666666665,4.966666666666667,4.75
florian-verron,HYROX PRO MEN,25-29,France,Athens,2026,4.133333333333334,4.166666666666667,3.533333333333333,3.15,3.683333333333333,4.283333333333333,3.716666666666667,3.933333333333333,3.783333333333333,4.266666666666667,3.7,1.8666666666666667,3.8,4.05,3.9166666666666665,4.716666666666667,5.066666666666666
nicolas-sac,HYROX PRO MEN,25-29,France,Athens,2026,4.1,3.85,3.4166666666666665,3.05,3.8,5.483333333333333,3.85,4.333333333333333,3.85,4.25,3.783333333333333,1.7666666666666666,3.7666666666666666,3.85,3.8666666666666667,5.183333333333334,5.366666666666666
alex-kotoulas,HYROX PRO MEN,30-34,Greece,Athens,2026,4.75,4.133333333333334,3.95,3.5833333333333335,4.116666666666666,4.366666666666666,4.05,3.3666666666666667,4.433333333333334,4.266666666666667,4.233333333333333,2.25,4.216666666666667,3.4833333333333334,4.366666666666666,4.15,5.766666666666667
akseli-halonen,HYROX PRO MEN,25-29,Finland,Athens,2026,4.766666666666667,4.333333333333333,3.9833333333333334,3.4,4.016666666666667,4.566666666666666,4.016666666666667,3.75,4.116666666666666,4.3,3.9833333333333334,1.7833333333333334,4.083333333333333,3.433333333333333,4.35,6.133333333333334,5.716666666666667
salvatore-caligiuri,HYROX PRO MEN,45-49,Italy,Athens,2026,4.233333333333333,4.016666666666667,3.7666666666666666,3.716666666666667,4.35,5.366666666666666,4.033333333333333,4.15,4.216666666666667,4.266666666666667,4.116666666666666,2.15,4.233333333333333,4.6,4.383333333333334,5.216666666666667,5.566666666666666
mohamad-el-miari,HYROX PRO MEN,35-39,Finland,Athens,2026,4.783333333333333,4.316666666666666,4.016666666666667,2.966666666666667,4.166666666666667,4.95,4.25,4.3,4.333333333333333,4.583333333333333,4.1,3.8333333333333335,4.066666666666666,3.8333333333333335,4.283333333333333,5.45,5.9
nicholas-de-marzo,HYROX PRO MEN,16-24,Italy,Athens,2026,4.6,4.233333333333333,4.083333333333333,4.033333333333333,4.366666666666666,5.5,4.516666666666667,4.133333333333334,4.516666666666667,4.466666666666667,4.45,2.3666666666666667,4.366666666666666,4.933333333333334,4.316666666666666,5.766666666666667,5.733333333333333
almoatasem-alhashmi,HYROX PRO MEN,30-34,Oman,Athens,2026,4.616666666666666,4.133333333333334,3.85,3.7333333333333334,4.383333333333334,4.966666666666667,4.683333333333334,5.6,4.483333333333333,4.566666666666666,4.35,2.0,4.316666666666666,5.433333333333334,4.533333333333333,6.483333333333333,5.7
dimitrio-silva,HYROX PRO MEN,30-34,United States,Athens,2026,4.333333333333333,4.1,4.033333333333333,3.05,10.15,5.066666666666666,4.75,5.066666666666666,4.85,4.7,4.933333333333334,1.95,4.733333333333333,3.2666666666666666,4.733333333333333,3.8666666666666667,6.5
burak-fevzi-oener,HYROX PRO MEN,35-39,Türkiye,Athens,2026,4.783333333333333,4.183333333333334,4.133333333333334,3.933333333333333,4.416666666666667,6.4,4.416666666666667,5.316666666666666,4.533333333333333,4.7,4.45,2.2333333333333334,4.466666666666667,6.3,4.783333333333333,6.1,7.4
wojciech-ruczynski,HYROX PRO MEN,45-49,Poland,Athens,2026,5.066666666666666,4.25,4.4,3.65,5.016666666666667,6.35,5.133333333333334,5.366666666666666,5.133333333333334,4.633333333333334,4.916666666666667,2.65,4.783333333333333,5.433333333333334,5.133333333333334,6.7,6.816666666666666
stavros-lytras,HYROX PRO MEN,30-34,Cyprus,Athens,2026,5.166666666666667,4.383333333333334,6.25,3.466666666666667,7.583333333333333,6.7,4.933333333333334,4.533333333333333,4.866666666666666,4.266666666666667,4.833333333333333,2.45,4.833333333333333,5.466666666666667,5.116666666666666,6.233333333333333,6.466666666666667
cole-levine,HYROX PRO MEN,30-34,United States,Athens,2026,4.633333333333334,4.516666666666667,4.25,5.016666666666667,4.65,10.2,4.866666666666666,5.55,4.75,4.883333333333334,4.666666666666667,3.533333333333333,4.7,6.316666666666666,4.933333333333334,10.666666666666666,6.533333333333333
pierre-yves-lopez,HYROX PRO MEN,30-34,France,Athens,2026,4.833333333333333,4.4,4.2,9.166666666666666,4.616666666666666,7.8,4.7,4.75,4.383333333333334,5.266666666666667,4.45,3.25,4.816666666666666,9.55,5.65,9.25,9.083333333333334
konstantinos-kakoutis,HYROX PRO MEN,30-34,Greece,Athens,2026,4.783333333333333,4.716666666666667,4.183333333333334,5.766666666666667,4.85,16.316666666666666,5.433333333333334,6.1,5.483333333333333,4.816666666666666,6.7,4.366666666666666,5.566666666666666,6.183333333333334,8.416666666666666,15.4,11.483333333333333
