Name,Class,Age_Group,Nationality,Event,Year,Run_One,Ski_Erg,Run_Two,Sled_Push,Run_Three,Sled_Pull,Run_Four,BBJ,Run_Five,Row_Erg,Run_Six,Farmers_Carry,Run_Seven,Lunges,Run_Eight,Wall_Balls,Rox_zone,Total_Running_Time,Total_Workout_Time,Total_Race_Time,Running_Spread,Sled_Push_Pull_Ratio
seka-arning,HYROX PRO DOUBLES WOMEN,25-29,,Athens,2026,3.933333333333333,3.733333333333333,3.283333333333333,1.75,3.4166666666666665,2.7,3.45,2.2333333333333334,3.5,3.883333333333333,3.5,1.4,3.583333333333333,2.7666666666666666,3.5166666666666666,3.15,4.183333333333334,28.18333333333333,21.616666666666667,53.983333333333334,0.16525423728813557,0.6481481481481481
laurene-dufournaud,HYROX PRO DOUBLES WOMEN,30-34,,Athens,2026,4.666666666666667,4.116666666666666,3.9,2.316666666666667,4.2,3.8333333333333335,4.2,2.9,4.4,4.433333333333334,4.266666666666667,1.8333333333333333,4.283333333333333,1.9166666666666667,4.316666666666666,3.466666666666667,6.666666666666667,34.233333333333334,24.81666666666667,65.71666666666668,0.16428571428571437,0.6043478260869566
mallaury-roque,HYROX PRO DOUBLES WOMEN,30-34,,Athens,2026,5.333333333333333,4.35,4.383333333333334,2.65,4.716666666666667,3.983333333333333,4.733333333333333,3.4,4.75,4.633333333333334,4.833333333333333,1.9166666666666667,4.816666666666666,3.816666666666667,4.75,3.716666666666667,5.483333333333333,38.31666666666666,28.46666666666667,72.26666666666667,0.17812499999999987,0.6652719665271967
leonie-bergami,HYROX PRO DOUBLES WOMEN,35-39,,Athens,2026,5.6,4.716666666666667,5.016666666666667,2.35,5.2,4.183333333333334,5.116666666666666,3.9,5.4,5.083333333333333,5.366666666666666,1.8833333333333333,5.5,4.7,5.65,5.066666666666666,6.916666666666667,42.85,31.883333333333333,81.65000000000002,0.11209439528023606,0.5617529880478087
olivia-park,HYROX PRO DOUBLES WOMEN,40-44,,Beijing,2025,4.483333333333333,4.283333333333333,4.566666666666666,2.283333333333333,4.516666666666667,3.566666666666667,4.616666666666666,3.1166666666666667,4.5,4.483333333333333,4.6,1.6833333333333331,4.516666666666667,3.333333333333333,4.733333333333333,3.783333333333333,5.433333333333334,36.53333333333333,26.53333333333333,68.5,0.0528169014084507,0.6401869158878504
xue-guo,HYROX PRO DOUBLES WOMEN,35-39,,Beijing,2025,4.666666666666667,4.85,4.6,3.6,4.866666666666666,6.466666666666667,4.833333333333333,3.283333333333333,4.766666666666667,5.05,4.733333333333333,2.1333333333333333,4.616666666666666,4.266666666666667,5.083333333333333,4.883333333333334,7.45,38.166666666666664,34.53333333333333,80.15,0.09508196721311477,0.5567010309278351
hai-ying-hou,HYROX PRO DOUBLES WOMEN,40-44,,Beijing,2025,4.783333333333333,5.166666666666667,4.933333333333334,4.466666666666667,5.033333333333333,6.716666666666667,5.366666666666666,3.883333333333333,5.6,5.316666666666666,5.216666666666667,2.333333333333333,5.15,5.9,5.883333333333334,4.25,6.533333333333333,41.96666666666667,38.03333333333333,86.53333333333333,0.18696883852691226,0.6650124069478909
emily-tsang,HYROX PRO DOUBLES WOMEN,50-54,,Beijing,2025,5.55,5.4,6.1,3.533333333333333,7.066666666666666,4.95,7.483333333333333,4.166666666666667,7.716666666666667,5.55,7.733333333333333,2.316666666666667,7.75,5.466666666666667,8.55,8.316666666666666,7.633333333333334,57.95,39.7,105.28333333333335,0.35087719298245623,0.7138047138047138
jessica-brady,HYROX PRO DOUBLES WOMEN,25-29,,Bengaluru,2026,4.266666666666667,3.983333333333333,4.183333333333334,1.8833333333333333,4.433333333333334,3.55,4.3,2.7666666666666666,4.383333333333334,4.5,4.333333333333333,1.8166666666666669,4.3,3.15,4.483333333333333,3.633333333333333,4.183333333333334,34.68333333333333,25.28333333333333,64.14999999999999,0.0669144981412639,0.5305164319248826
pamela-ee,HYROX PRO DOUBLES WOMEN,30-34,,Bengaluru,2026,5.833333333333333,4.416666666666667,5.566666666666666,2.683333333333333,6.0,4.783333333333333,5.9,3.983333333333333,6.066666666666666,4.933333333333334,6.15,2.3666666666666667,6.216666666666667,4.9,6.35,4.616666666666666,5.833333333333333,48.083333333333336,32.68333333333333,86.59999999999998,0.12335958005249342,0.5609756097560975
chavi-dutt,HYROX PRO DOUBLES WOMEN,30-34,,Bengaluru,2026,5.75,5.366666666666666,5.333333333333333,3.85,5.683333333333334,7.116666666666666,5.633333333333334,5.466666666666667,5.666666666666667,5.983333333333333,5.583333333333333,2.783333333333333,5.75,6.4,6.383333333333334,7.083333333333333,7.383333333333334,45.78333333333333,44.05,97.21666666666667,0.16449086161879906,0.5409836065573771
garima-bhadauriya,HYROX PRO DOUBLES WOMEN,25-29,,Bengaluru,2026,5.25,5.366666666666666,8.416666666666666,4.9,6.316666666666666,7.183333333333334,6.583333333333333,4.2,6.616666666666666,6.15,6.85,2.3666666666666667,6.466666666666667,6.066666666666666,7.166666666666667,12.433333333333334,8.35,53.666666666666664,48.66666666666667,110.68333333333332,0.3762376237623762,0.6821345707656613
alexandra-hill,HYROX PRO DOUBLES WOMEN,16-29,,Cardiff,2025,3.8666666666666663,4.283333333333333,3.6666666666666665,2.1,3.8333333333333335,3.583333333333333,3.8666666666666663,3.033333333333333,3.783333333333333,4.533333333333333,3.85,1.8333333333333333,3.883333333333333,2.933333333333333,4.383333333333334,3.1666666666666665,3.15,31.133333333333333,25.466666666666665,59.74999999999999,0.1634980988593157,0.586046511627907
cora-white,HYROX PRO DOUBLES WOMEN,30-39,,Cardiff,2025,4.75,4.366666666666666,4.2,2.1166666666666667,4.333333333333333,4.05,4.516666666666667,3.283333333333333,4.516666666666667,4.433333333333334,4.533333333333333,1.75,4.466666666666667,3.333333333333333,5.216666666666667,3.533333333333333,3.3833333333333333,36.53333333333333,26.866666666666667,66.78333333333333,0.194888178913738,0.5226337448559671
rosie-geaves,HYROX PRO DOUBLES WOMEN,16-29,,Cardiff,2025,4.733333333333333,4.233333333333333,4.35,2.2333333333333334,4.5,4.183333333333334,4.666666666666667,4.133333333333334,4.7,4.916666666666667,4.8,2.15,4.666666666666667,3.2333333333333334,5.416666666666667,3.816666666666667,3.983333333333333,37.83333333333333,28.900000000000002,70.71666666666667,0.19692307692307703,0.5338645418326693
caroline-williams,HYROX PRO DOUBLES WOMEN,40-49,,Cardiff,2025,4.883333333333334,4.316666666666666,4.566666666666666,2.8,5.216666666666667,4.75,5.0,3.583333333333333,5.1,4.366666666666666,5.033333333333333,1.8,5.2,4.1,5.9,3.9166666666666665,3.983333333333333,40.9,29.633333333333336,74.51666666666667,0.22598870056497183,0.5894736842105263
vanessa-yap,HYROX PRO DOUBLES WOMEN,40-49,,Cardiff,2025,4.8,4.55,4.916666666666667,2.466666666666667,5.083333333333333,4.9,4.933333333333334,3.3,5.333333333333333,5.083333333333333,5.366666666666666,1.4833333333333334,5.183333333333334,4.216666666666667,5.8,4.6,4.733333333333333,41.416666666666664,30.6,76.74999999999999,0.1724137931034483,0.5034013605442177
louise-kitcatt,HYROX PRO DOUBLES WOMEN,40-49,,Cardiff,2025,4.966666666666667,4.633333333333334,4.433333333333334,2.583333333333333,4.75,5.983333333333333,4.616666666666666,4.516666666666667,4.683333333333334,5.333333333333333,4.666666666666667,2.083333333333333,4.75,5.316666666666666,5.5,4.8,5.1,38.36666666666667,35.24999999999999,78.71666666666667,0.19393939393939388,0.4317548746518105
lauren-bentham,HYROX PRO DOUBLES WOMEN,30-39,,Cardiff,2025,5.25,4.566666666666666,4.966666666666667,2.033333333333333,5.283333333333333,5.133333333333334,5.383333333333334,4.766666666666667,5.55,5.183333333333334,5.583333333333333,2.05,5.616666666666666,4.15,6.5,5.166666666666667,4.3,44.13333333333333,33.05,81.48333333333333,0.2358974358974359,0.39610389610389607
hayley-mcclelland,HYROX PRO DOUBLES WOMEN,16-29,,Cardiff,2025,5.916666666666667,4.333333333333333,5.65,2.333333333333333,6.016666666666667,4.116666666666666,6.05,4.1,6.0,4.783333333333333,6.0,2.066666666666667,6.033333333333333,4.333333333333333,6.966666666666667,4.083333333333333,4.5,48.63333333333333,30.149999999999995,83.28333333333333,0.18899521531100474,0.5668016194331984
deanne-lovell,HYROX PRO DOUBLES WOMEN,30-39,,Cardiff,2025,5.966666666666667,4.533333333333333,5.583333333333333,2.55,5.95,4.833333333333333,5.95,4.116666666666666,6.116666666666666,5.1,6.216666666666667,1.9333333333333331,6.25,3.4833333333333334,7.15,3.816666666666667,5.833333333333333,49.18333333333333,30.366666666666667,85.38333333333331,0.2191142191142192,0.5275862068965517
maddy-benyon,HYROX PRO DOUBLES WOMEN,30-39,,Cardiff,2025,6.133333333333334,4.666666666666667,6.1,2.716666666666667,6.416666666666667,4.733333333333333,6.5,4.916666666666667,6.383333333333334,5.05,6.166666666666667,2.3,6.25,4.283333333333333,7.0,4.133333333333334,6.466666666666667,50.95,32.800000000000004,90.21666666666667,0.12857142857142861,0.573943661971831
kim-lapington,HYROX PRO DOUBLES WOMEN,30-39,,Cardiff,2025,6.283333333333333,4.816666666666666,5.9,2.45,6.133333333333334,4.083333333333333,6.366666666666666,5.4,7.1,4.933333333333334,6.75,2.316666666666667,6.733333333333333,5.233333333333333,8.15,4.683333333333334,8.766666666666667,53.416666666666664,33.91666666666667,96.10000000000001,0.2760736196319018,0.6000000000000001
hannah-james,HYROX PRO DOUBLES WOMEN,16-29,,Cardiff,2025,7.833333333333333,4.783333333333333,10.383333333333333,2.9166666666666665,8.283333333333333,6.216666666666667,8.766666666666667,10.183333333333334,8.683333333333334,6.216666666666667,8.616666666666667,2.6166666666666667,8.65,8.5,12.916666666666666,11.4,10.733333333333333,74.13333333333334,52.833333333333336,137.70000000000002,0.3935483870967742,0.4691689008042895
mariana-soffientini,HYROX PRO DOUBLES WOMEN,35-39,,Fortaleza,2026,5.266666666666667,4.466666666666667,4.183333333333334,2.0,4.416666666666667,4.616666666666666,4.366666666666666,3.4833333333333334,4.283333333333333,4.7,4.366666666666666,1.7,4.383333333333334,3.566666666666667,4.5,3.583333333333333,5.2,35.766666666666666,28.116666666666664,69.08333333333334,0.20569620253164553,0.43321299638989175
luiza-meirelles,HYROX PRO DOUBLES WOMEN,40-44,,Fortaleza,2026,5.466666666666667,4.566666666666666,4.683333333333334,2.4,5.183333333333334,3.8666666666666663,5.233333333333333,3.1,5.283333333333333,4.666666666666667,5.133333333333334,1.9833333333333332,5.45,3.4,5.75,3.8,5.266666666666667,42.18333333333334,27.78333333333333,75.23333333333333,0.18550724637681154,0.6206896551724138
leticia-seger,HYROX PRO DOUBLES WOMEN,30-34,,Fortaleza,2026,6.333333333333333,4.95,5.733333333333333,3.75,6.8,5.466666666666667,6.316666666666666,3.6666666666666665,6.333333333333333,5.066666666666666,6.0,2.1166666666666667,6.7,4.366666666666666,6.95,4.4,8.383333333333333,51.16666666666667,33.78333333333333,93.33333333333334,0.17505995203836933,0.6859756097560975
linda-meier,HYROX PRO DOUBLES WOMEN,25-29,,Lisbon,2026,3.05,3.983333333333333,3.65,1.7666666666666666,3.75,2.783333333333333,3.75,2.3666666666666667,3.7666666666666666,4.216666666666667,3.75,1.4333333333333331,3.933333333333333,2.683333333333333,3.883333333333333,3.2666666666666666,3.433333333333333,29.53333333333333,22.5,55.466666666666654,0.2245762711864407,0.6347305389221557
lisa-lodin,HYROX PRO DOUBLES WOMEN,30-34,,Lisbon,2026,3.533333333333333,4.416666666666667,4.283333333333333,2.033333333333333,4.5,4.016666666666667,4.533333333333333,2.4,4.516666666666667,4.65,4.483333333333333,1.8333333333333333,4.533333333333333,3.1166666666666667,4.466666666666667,3.6666666666666665,4.2,34.85,26.133333333333333,65.18333333333332,0.22058823529411764,0.5062240663900415
catia-capitao,HYROX PRO DOUBLES WOMEN,35-39,,Lisbon,2026,3.3833333333333333,4.45,4.233333333333333,3.1,4.5,4.083333333333333,4.583333333333333,3.033333333333333,4.683333333333334,4.5,4.75,1.8666666666666667,4.883333333333334,3.5166666666666666,5.183333333333334,3.716666666666667,4.483333333333333,36.2,28.266666666666666,68.95,0.34726688102893893,0.7591836734693879
esther-luengo-gomez,HYROX PRO DOUBLES WOMEN,40-44,,Lisbon,2026,3.683333333333333,4.6,4.75,3.2,5.033333333333333,4.5,4.966666666666667,2.9,5.1,4.616666666666666,4.95,1.8,5.016666666666667,3.2333333333333334,5.133333333333334,3.9166666666666665,4.55,38.63333333333333,28.76666666666667,71.95,0.2824675324675326,0.7111111111111111
silvia-filaferro,HYROX PRO DOUBLES WOMEN,25-29,,Lisbon,2026,3.933333333333333,4.733333333333333,4.816666666666666,2.7666666666666666,5.016666666666667,4.866666666666666,5.116666666666666,3.3833333333333333,5.2,5.0,5.15,2.083333333333333,5.133333333333334,3.6166666666666663,5.266666666666667,4.1,5.066666666666666,39.63333333333333,30.549999999999997,75.24999999999999,0.25316455696202533,0.5684931506849316
ana-maduro,HYROX PRO DOUBLES WOMEN,30-34,,Lisbon,2026,4.583333333333333,4.283333333333333,5.566666666666666,2.2666666666666666,5.716666666666667,4.083333333333333,5.7,3.033333333333333,5.883333333333334,4.733333333333333,5.683333333333334,2.0166666666666666,5.566666666666666,3.7,5.866666666666666,3.816666666666667,5.033333333333333,44.56666666666667,27.93333333333333,77.53333333333333,0.22096317280453268,0.5551020408163265
marcia-cardoso,HYROX PRO DOUBLES WOMEN,30-34,,Lisbon,2026,3.733333333333333,4.3,5.133333333333334,2.2666666666666666,8.416666666666666,3.633333333333333,5.683333333333334,2.783333333333333,5.783333333333333,4.35,5.65,1.75,5.716666666666667,3.3,6.15,3.9,6.2,46.266666666666666,26.28333333333333,78.75,0.5564356435643565,0.6238532110091743
nafsika-diamantopoulou,HYROX PRO DOUBLES WOMEN,25-29,,Lisbon,2026,4.35,4.283333333333333,5.366666666666666,3.1166666666666667,5.616666666666666,4.316666666666666,5.566666666666666,4.133333333333334,5.633333333333334,4.683333333333334,5.633333333333334,2.0166666666666666,5.75,4.1,5.616666666666666,4.566666666666666,5.35,43.53333333333333,31.216666666666665,80.09999999999998,0.24347826086956528,0.722007722007722
sarah-meharzi,HYROX PRO DOUBLES WOMEN,35-39,,Lisbon,2026,4.05,5.016666666666667,5.116666666666666,3.85,5.166666666666667,5.216666666666667,5.233333333333333,3.6666666666666665,5.25,5.166666666666667,5.266666666666667,2.15,5.333333333333333,4.05,5.466666666666667,5.533333333333333,5.4,40.88333333333333,34.65,80.93333333333334,0.2591463414634147,0.7380191693290735
angelica-sofia-albor-fraile,HYROX PRO DOUBLES WOMEN,30-34,,Lisbon,2026,4.0,4.316666666666666,5.25,3.816666666666667,6.133333333333334,5.35,5.516666666666667,4.233333333333333,5.45,4.816666666666666,5.616666666666666,2.3833333333333333,5.716666666666667,4.966666666666667,5.733333333333333,4.883333333333334,5.283333333333333,43.416666666666664,34.766666666666666,83.46666666666668,0.3478260869565218,0.7133956386292836
solange-alvito,HYROX PRO DOUBLES WOMEN,30-34,,Lisbon,2026,4.65,4.883333333333334,5.65,4.283333333333333,5.833333333333333,4.9,5.8,4.083333333333333,5.816666666666666,5.166666666666667,5.8,1.8833333333333333,5.866666666666666,4.816666666666666,5.916666666666667,4.75,6.316666666666666,45.33333333333333,34.766666666666666,86.41666666666666,0.2140845070422535,0.8741496598639454
barbara-ferreira,HYROX PRO DOUBLES WOMEN,25-29,,Lisbon,2026,4.55,4.733333333333333,5.733333333333333,3.8333333333333335,6.1,5.066666666666666,6.25,4.166666666666667,6.516666666666667,4.916666666666667,6.7,2.6333333333333333,6.766666666666667,4.916666666666667,7.133333333333334,4.9,7.85,49.75,35.16666666666667,92.7666666666667,0.36214953271028044,0.7565789473684211
kirsty-nicolson,HYROX PRO DOUBLES WOMEN,16-24,,Lisbon,2026,5.166666666666667,4.683333333333334,6.4,2.9833333333333334,7.233333333333333,4.716666666666667,7.5,4.083333333333333,7.816666666666666,5.016666666666667,7.65,2.3833333333333333,7.816666666666666,3.8666666666666663,8.65,4.5,8.133333333333333,58.23333333333333,32.233333333333334,98.6,0.4026974951830443,0.6325088339222614
lucy-procter,HYROX PRO DOUBLES WOMEN,16-29,,London,2025,3.683333333333333,3.9166666666666665,3.466666666666667,1.5333333333333334,3.6166666666666663,2.783333333333333,3.5,2.433333333333333,3.5,4.1,3.583333333333333,1.3,3.716666666666667,2.8,5.016666666666667,3.783333333333333,3.216666666666667,30.08333333333333,22.65,55.94999999999998,0.30897009966777406,0.5508982035928144
ella-rothwell,HYROX PRO DOUBLES WOMEN,30-39,,London,2025,4.35,4.016666666666667,4.05,1.9,4.116666666666666,2.8833333333333333,4.166666666666667,2.316666666666667,4.15,4.4,4.016666666666667,1.45,4.116666666666666,2.833333333333333,5.7,3.85,3.9,34.66666666666667,23.65,62.216666666666676,0.2953216374269006,0.6589595375722543
hannah-cartwright,HYROX PRO DOUBLES WOMEN,40-49,,London,2025,4.166666666666667,4.1,4.0,2.0166666666666666,3.85,3.716666666666667,3.9166666666666665,3.3,4.0,4.616666666666666,4.083333333333333,1.7333333333333334,4.05,3.216666666666667,5.633333333333334,4.85,4.366666666666666,33.7,27.550000000000004,65.61666666666667,0.3165680473372781,0.5426008968609866
lucy-earl,HYROX PRO DOUBLES WOMEN,30-39,,London,2025,3.95,4.283333333333333,4.166666666666667,1.95,4.883333333333334,3.55,4.566666666666666,2.716666666666667,5.05,4.55,4.4,1.7,4.616666666666666,3.2666666666666666,6.133333333333334,4.316666666666666,4.1,37.766666666666666,26.333333333333332,68.19999999999999,0.35597826086956524,0.5492957746478874
molly-speechley,HYROX PRO DOUBLES WOMEN,30-39,,London,2025,4.616666666666666,4.616666666666666,4.366666666666666,2.283333333333333,4.516666666666667,4.316666666666666,4.45,2.85,4.433333333333334,4.633333333333334,4.433333333333334,1.85,4.55,3.55,6.066666666666666,3.933333333333333,4.4,37.43333333333334,28.033333333333335,69.86666666666667,0.2802197802197803,0.528957528957529
barbie-webster,HYROX PRO DOUBLES WOMEN,40-49,,London,2025,4.816666666666666,4.483333333333333,4.566666666666666,1.9166666666666667,4.733333333333333,4.366666666666666,4.616666666666666,2.783333333333333,4.65,4.916666666666667,4.7,1.6333333333333333,4.816666666666666,3.4833333333333334,6.333333333333333,3.8333333333333335,4.7,39.233333333333334,27.416666666666664,71.35,0.2789473684210526,0.43893129770992373
laura-payne,HYROX PRO DOUBLES WOMEN,40-49,,London,2025,5.05,4.066666666666666,4.65,2.033333333333333,4.916666666666667,4.116666666666666,4.933333333333334,3.5,4.916666666666667,4.566666666666666,4.85,1.65,4.95,3.3833333333333333,6.566666666666666,3.983333333333333,4.433333333333334,40.83333333333334,27.299999999999997,72.56666666666668,0.2918781725888324,0.4939271255060729
megan-evans,HYROX PRO DOUBLES WOMEN,16-29,,London,2025,4.466666666666667,4.433333333333334,4.3,2.7333333333333334,4.666666666666667,4.85,4.633333333333334,2.95,4.75,4.633333333333334,4.7,2.1166666666666667,4.533333333333333,3.966666666666667,6.3,4.983333333333333,4.866666666666666,38.349999999999994,30.666666666666664,73.88333333333333,0.31746031746031744,0.5635738831615121
fran-skinner,HYROX PRO DOUBLES WOMEN,16-29,,London,2025,5.35,4.283333333333333,5.016666666666667,1.7166666666666666,5.233333333333333,3.55,5.266666666666667,3.4833333333333334,5.216666666666667,4.4,4.966666666666667,1.65,5.016666666666667,4.016666666666667,7.033333333333333,4.033333333333333,4.85,43.1,27.133333333333333,75.08333333333333,0.2938388625592417,0.4835680751173709
emily-astbury,HYROX PRO DOUBLES WOMEN,16-29,,London,2025,5.3,4.283333333333333,5.05,2.15,5.2,4.066666666666666,5.083333333333333,2.85,5.016666666666667,4.516666666666667,5.216666666666667,1.6333333333333333,5.033333333333333,3.8333333333333335,6.866666666666666,4.333333333333333,5.133333333333334,42.766666666666666,27.666666666666664,75.56666666666666,0.26941747572815533,0.5286885245901639
emma-dodge,HYROX PRO DOUBLES WOMEN,30-39,,London,2025,5.383333333333334,4.216666666666667,4.933333333333334,1.8166666666666669,5.083333333333333,3.883333333333333,5.25,3.1166666666666667,5.3,4.783333333333333,5.383333333333334,1.9333333333333331,5.316666666666666,3.933333333333333,7.116666666666666,4.016666666666667,4.9,43.766666666666666,27.7,76.36666666666667,0.306791569086651,0.4678111587982834
barbara-mlinko,HYROX PRO DOUBLES WOMEN,30-39,,London,2025,4.533333333333333,4.016666666666667,4.616666666666666,2.216666666666667,4.866666666666666,3.6666666666666665,4.8,3.85,4.833333333333333,4.466666666666667,4.766666666666667,1.9333333333333331,4.833333333333333,3.7666666666666666,11.266666666666667,4.016666666666667,4.766666666666667,44.516666666666666,27.933333333333334,77.21666666666667,0.5976331360946746,0.6045454545454546
lauren-mcniven,HYROX PRO DOUBLES WOMEN,30-39,,London,2025,5.133333333333334,4.45,4.966666666666667,2.533333333333333,5.083333333333333,3.783333333333333,5.233333333333333,3.566666666666667,5.3,5.016666666666667,5.166666666666667,1.8,5.183333333333334,4.35,6.983333333333333,5.066666666666666,5.15,43.050000000000004,30.566666666666666,78.76666666666667,0.28878281622911695,0.6696035242290749
jocelyn-barr,HYROX PRO DOUBLES WOMEN,30-39,,London,2025,4.833333333333333,4.366666666666666,4.783333333333333,2.6333333333333333,5.066666666666666,5.833333333333333,5.0,3.65,5.0,4.8,5.0,2.033333333333333,5.133333333333334,4.616666666666666,6.916666666666667,4.7,5.516666666666667,41.733333333333334,32.63333333333333,79.88333333333333,0.30843373493975906,0.45142857142857146
ellie-rowsell,HYROX PRO DOUBLES WOMEN,30-39,,London,2025,5.4,4.35,5.016666666666667,2.5166666666666666,5.5,4.283333333333333,5.366666666666666,3.65,5.616666666666666,4.766666666666667,5.583333333333333,1.7333333333333334,6.116666666666666,4.033333333333333,7.7,4.0,5.666666666666667,46.300000000000004,29.333333333333336,81.30000000000001,0.3484848484848485,0.5875486381322957
hannah-horton,HYROX PRO DOUBLES WOMEN,16-29,,London,2025,5.816666666666666,4.566666666666666,5.466666666666667,2.3,5.633333333333334,3.733333333333333,5.65,3.2666666666666666,5.816666666666666,4.916666666666667,5.7,2.1,5.883333333333334,4.216666666666667,7.75,4.583333333333333,5.066666666666666,47.71666666666667,29.683333333333334,82.46666666666665,0.2946236559139785,0.6160714285714286
monika-chajecka,HYROX PRO DOUBLES WOMEN,40-49,,London,2025,4.966666666666667,4.45,5.133333333333334,2.15,5.533333333333333,4.25,5.45,3.033333333333333,5.5,4.583333333333333,5.316666666666666,1.6166666666666667,5.533333333333333,3.35,12.1,5.533333333333333,5.833333333333333,49.53333333333334,28.96666666666667,84.33333333333331,0.5895316804407713,0.5058823529411764
miriam-mcnee,HYROX PRO DOUBLES WOMEN,30-39,,London,2025,5.233333333333333,4.583333333333333,5.066666666666666,2.7,5.416666666666667,4.85,5.533333333333333,4.35,5.583333333333333,4.716666666666667,5.566666666666666,2.0,5.583333333333333,4.916666666666667,7.25,5.666666666666667,6.3,45.233333333333334,33.78333333333334,85.31666666666668,0.30114942528735633,0.5567010309278352
isabelle-combes,HYROX PRO DOUBLES WOMEN,16-29,,London,2025,5.316666666666666,4.366666666666666,7.5,2.083333333333333,7.65,4.716666666666667,5.1,3.633333333333333,5.266666666666667,4.866666666666666,5.283333333333333,1.95,5.55,4.366666666666666,7.216666666666667,4.683333333333334,7.733333333333333,48.88333333333333,30.666666666666664,87.28333333333333,0.3333333333333334,0.44169611307420487
lucy-hodkinson,HYROX PRO DOUBLES WOMEN,16-29,,London,2025,6.366666666666666,4.733333333333333,5.933333333333334,2.683333333333333,6.166666666666667,5.266666666666667,5.85,4.016666666666667,5.9,5.016666666666667,5.75,2.083333333333333,5.983333333333333,4.466666666666667,7.966666666666667,4.783333333333333,5.9,49.91666666666667,33.05,88.86666666666667,0.2782426778242678,0.5094936708860759
sarah-fletcher,HYROX PRO DOUBLES WOMEN,40-49,,London,2025,6.1,4.683333333333334,5.516666666666667,2.6333333333333333,5.666666666666667,5.1,5.833333333333333,5.3,5.683333333333334,5.1,5.55,2.05,5.666666666666667,5.433333333333334,7.716666666666667,8.466666666666667,5.483333333333333,47.733333333333334,38.766666666666666,91.98333333333333,0.28509719222462204,0.5163398692810458
lisa-powell,HYROX PRO DOUBLES WOMEN,50-59,,London,2025,6.433333333333334,4.533333333333333,5.883333333333334,3.1333333333333333,6.0,5.233333333333333,6.133333333333334,4.75,6.15,4.916666666666667,6.183333333333334,2.283333333333333,6.166666666666667,6.583333333333333,8.45,5.533333333333333,7.65,51.39999999999999,36.96666666666667,96.01666666666665,0.30374753451676517,0.5987261146496815
jane-holmes,HYROX PRO DOUBLES WOMEN,40-49,,London,2025,6.15,5.0,5.833333333333333,3.1,6.333333333333333,5.733333333333333,6.216666666666667,5.533333333333333,6.383333333333334,5.183333333333334,6.533333333333333,2.7333333333333334,6.633333333333334,6.566666666666666,8.733333333333333,7.266666666666667,7.166666666666667,52.81666666666666,41.11666666666667,101.1,0.3320610687022901,0.5406976744186046
olivia-ponsford,HYROX PRO DOUBLES WOMEN,30-39,,London,2025,7.4,5.783333333333333,7.983333333333333,3.083333333333333,8.933333333333334,6.083333333333333,8.216666666666667,6.083333333333333,8.783333333333333,5.7,9.133333333333333,2.316666666666667,9.183333333333334,6.066666666666666,12.75,6.65,9.133333333333333,72.38333333333333,41.76666666666666,123.2833333333333,0.41960784313725485,0.5068493150684932
rebecca-houard,HYROX PRO DOUBLES WOMEN,40-44,,Lyon,2026,2.85,3.966666666666667,3.75,2.433333333333333,3.883333333333333,3.3833333333333333,3.8333333333333335,2.2666666666666666,3.95,4.05,3.966666666666667,1.4666666666666666,3.983333333333333,2.85,4.15,3.1666666666666665,5.0,30.366666666666667,23.583333333333336,58.949999999999996,0.31325301204819284,0.7192118226600984
camille-vigier,HYROX PRO DOUBLES WOMEN,30-34,,Lyon,2026,3.283333333333333,4.183333333333334,4.05,3.2333333333333334,4.133333333333334,4.033333333333333,4.133333333333334,3.0166666666666666,4.183333333333334,4.416666666666667,4.166666666666667,1.8166666666666669,4.4,3.2,4.4,3.8666666666666663,5.616666666666666,32.75,27.766666666666666,66.13333333333334,0.2537878787878789,0.8016528925619835
helena-arslanian,HYROX PRO DOUBLES WOMEN,30-34,,Lyon,2026,3.4,4.35,4.183333333333334,2.95,4.366666666666666,4.483333333333333,4.366666666666666,2.9833333333333334,4.4,4.55,4.583333333333333,1.7333333333333334,4.416666666666667,3.2666666666666666,4.6,3.583333333333333,6.016666666666667,34.31666666666667,27.9,68.23333333333335,0.26086956521739124,0.6579925650557621
gosia-meier,HYROX PRO DOUBLES WOMEN,40-44,,Lyon,2026,3.4833333333333334,4.316666666666666,4.366666666666666,2.7333333333333334,4.65,4.383333333333334,4.733333333333333,3.25,4.75,4.416666666666667,4.716666666666667,1.8666666666666667,4.716666666666667,4.066666666666666,4.8,3.55,5.783333333333333,36.21666666666667,28.583333333333336,70.58333333333333,0.2743055555555555,0.623574144486692
megane-de-wolff,HYROX PRO DOUBLES WOMEN,30-34,,Lyon,2026,3.6,4.35,4.366666666666666,3.1,4.516666666666667,5.3,4.433333333333334,3.2,4.483333333333333,4.7,4.516666666666667,1.7,4.566666666666666,3.9,4.616666666666666,4.2,5.9,35.1,30.449999999999996,71.45000000000002,0.22021660649819486,0.5849056603773585
julie-lucidarme,HYROX PRO DOUBLES WOMEN,30-34,,Lyon,2026,3.35,4.533333333333333,4.5,3.35,4.766666666666667,4.25,4.866666666666666,3.45,4.85,4.966666666666667,4.716666666666667,1.9,4.733333333333333,3.533333333333333,4.866666666666666,3.816666666666667,6.3,36.650000000000006,29.799999999999994,72.75,0.31164383561643827,0.788235294117647
lea-vervier,HYROX PRO DOUBLES WOMEN,16-24,,Lyon,2026,3.533333333333333,4.3,4.55,2.7,5.0,4.433333333333334,4.883333333333334,3.716666666666667,4.733333333333333,4.466666666666667,4.883333333333334,1.65,4.866666666666666,4.633333333333334,5.033333333333333,4.016666666666667,6.116666666666666,37.48333333333333,29.916666666666664,73.51666666666665,0.2980132450331126,0.6090225563909775
laura-vincent,HYROX PRO DOUBLES WOMEN,35-39,,Lyon,2026,3.4,4.5,4.383333333333334,4.116666666666666,4.466666666666667,4.533333333333333,4.566666666666666,3.533333333333333,4.583333333333333,5.083333333333333,4.666666666666667,1.9166666666666667,4.633333333333334,4.316666666666666,5.0,4.933333333333334,6.433333333333334,35.7,32.93333333333334,75.06666666666668,0.32,0.9080882352941175
sylvaine-mauffrey,HYROX PRO DOUBLES WOMEN,40-44,,Lyon,2026,3.533333333333333,4.416666666666667,4.633333333333334,3.7,4.7,5.25,4.816666666666666,3.1333333333333333,4.933333333333334,4.866666666666666,4.966666666666667,1.85,5.05,4.133333333333334,5.216666666666667,4.1,6.3,37.85,31.450000000000003,75.6,0.32268370607028757,0.7047619047619048
maela-cante,HYROX PRO DOUBLES WOMEN,25-29,,Lyon,2026,3.933333333333333,4.416666666666667,4.866666666666666,2.7666666666666666,5.166666666666667,4.833333333333333,5.216666666666667,3.216666666666667,5.2,4.666666666666667,5.166666666666667,1.75,5.2,3.8666666666666663,5.3,3.7666666666666666,7.916666666666667,40.05,29.28333333333333,77.25,0.2578616352201258,0.5724137931034483
margaux-delperie,HYROX PRO DOUBLES WOMEN,35-39,,Lyon,2026,3.783333333333333,5.033333333333333,4.533333333333333,3.9166666666666665,4.616666666666666,7.05,4.716666666666667,3.1333333333333333,4.6,5.066666666666666,4.766666666666667,1.9666666666666663,4.833333333333333,4.316666666666666,4.866666666666666,4.8,6.583333333333333,36.71666666666666,35.28333333333333,78.58333333333331,0.22260273972602734,0.5555555555555556
nathalie-monteiro,HYROX PRO DOUBLES WOMEN,35-39,,Lyon,2026,3.7666666666666666,4.533333333333333,4.55,3.3666666666666667,4.75,6.0,4.65,4.25,4.783333333333333,5.0,4.866666666666666,1.9,4.95,5.116666666666666,5.25,4.683333333333334,7.183333333333334,37.56666666666667,34.849999999999994,79.60000000000001,0.28253968253968254,0.5611111111111111
leane-renaud,HYROX PRO DOUBLES WOMEN,30-34,,Lyon,2026,3.966666666666667,4.466666666666667,5.066666666666666,3.2333333333333334,5.35,5.233333333333333,5.383333333333334,3.733333333333333,5.333333333333333,4.783333333333333,5.45,1.9666666666666663,5.533333333333333,4.35,5.55,3.933333333333333,6.916666666666667,41.633333333333326,31.7,80.25,0.28528528528528524,0.6178343949044586
emily-lomas,HYROX PRO DOUBLES WOMEN,30-34,,Lyon,2026,3.4,4.366666666666666,4.25,2.35,4.55,4.75,4.666666666666667,3.1333333333333333,4.75,4.816666666666666,4.716666666666667,1.6666666666666667,16.45,3.6166666666666663,4.516666666666667,3.733333333333333,5.6,47.3,28.433333333333334,81.33333333333333,0.7933130699088146,0.4947368421052632
cecile-roqua,HYROX PRO DOUBLES WOMEN,40-44,,Lyon,2026,3.75,4.5,4.7,3.65,4.933333333333334,6.0,4.833333333333333,4.2,4.883333333333334,4.65,4.966666666666667,1.8166666666666669,5.066666666666666,5.3,5.5,5.35,7.8,38.633333333333326,35.46666666666667,81.89999999999999,0.3181818181818182,0.6083333333333333
adeline-grueter-mayor,HYROX PRO DOUBLES WOMEN,30-34,,Lyon,2026,4.633333333333334,4.55,5.45,2.7333333333333334,5.583333333333333,4.833333333333333,5.633333333333334,3.883333333333333,5.816666666666666,4.766666666666667,5.516666666666667,1.9833333333333332,5.683333333333334,3.883333333333333,6.0,4.25,7.933333333333334,44.31666666666666,30.883333333333333,83.13333333333333,0.22777777777777772,0.5655172413793104
justine-bredif,HYROX PRO DOUBLES WOMEN,30-34,,Lyon,2026,3.583333333333333,4.866666666666666,4.933333333333334,3.3833333333333333,5.383333333333334,6.816666666666666,5.3,4.05,5.416666666666667,5.35,5.416666666666667,1.8833333333333333,5.583333333333333,4.366666666666666,5.85,4.95,7.483333333333333,41.46666666666667,35.66666666666667,84.61666666666666,0.3874643874643875,0.4963325183374083
aurelia-corriga,HYROX PRO DOUBLES WOMEN,40-44,,Lyon,2026,4.483333333333333,4.483333333333333,5.766666666666667,3.0,6.116666666666666,6.0,6.083333333333333,3.216666666666667,6.166666666666667,4.816666666666666,6.133333333333334,1.9,6.233333333333333,4.0,6.2,4.033333333333333,7.616666666666666,47.18333333333334,31.450000000000003,86.25,0.2807486631016043,0.5
salome-teuly,HYROX PRO DOUBLES WOMEN,25-29,,Lyon,2026,4.0,4.416666666666667,5.266666666666667,2.966666666666667,6.25,5.483333333333333,6.0,4.566666666666666,6.1,4.75,5.966666666666667,1.7,6.283333333333333,3.783333333333333,6.35,4.383333333333334,8.816666666666666,46.21666666666667,32.05,87.08333333333334,0.37007874015748027,0.541033434650456
marylou-weinsberg,HYROX PRO DOUBLES WOMEN,16-24,,Lyon,2026,4.2,4.816666666666666,5.516666666666667,3.25,6.2,5.1,5.95,4.266666666666667,5.983333333333333,4.983333333333333,6.066666666666666,1.9333333333333331,5.983333333333333,3.583333333333333,6.35,5.55,8.6,46.25000000000001,33.483333333333334,88.33333333333333,0.3385826771653543,0.6372549019607844
pauline-marion,HYROX PRO DOUBLES WOMEN,30-34,,Lyon,2026,4.75,4.316666666666666,6.216666666666667,3.35,6.616666666666666,5.466666666666667,6.583333333333333,3.45,6.75,4.583333333333333,6.433333333333334,2.2666666666666666,6.55,4.15,6.75,3.55,8.816666666666666,50.64999999999999,31.13333333333333,90.59999999999998,0.2962962962962963,0.6128048780487805
laetitia-chevallier,HYROX PRO DOUBLES WOMEN,25-29,,Lyon,2026,4.7,4.483333333333333,5.9,3.216666666666667,6.266666666666667,6.433333333333334,6.35,3.966666666666667,6.2,4.916666666666667,6.233333333333333,2.1666666666666665,6.433333333333334,4.716666666666667,6.666666666666667,4.95,8.383333333333333,48.74999999999999,34.85000000000001,91.98333333333335,0.295,0.5
lea-beuglet,HYROX PRO DOUBLES WOMEN,16-24,,Lyon,2026,4.55,5.066666666666666,5.533333333333333,3.8333333333333335,6.05,6.033333333333333,6.316666666666666,4.183333333333334,6.416666666666667,5.216666666666667,6.45,2.5,6.316666666666666,4.916666666666667,7.05,4.3,9.216666666666669,48.68333333333334,36.050000000000004,93.95,0.3546099290780142,0.6353591160220995
eva-gantheret,HYROX PRO DOUBLES WOMEN,35-39,,Lyon,2026,4.333333333333333,4.866666666666666,5.266666666666667,3.2666666666666666,5.766666666666667,6.233333333333333,5.683333333333334,5.916666666666667,5.766666666666667,4.933333333333334,5.866666666666666,2.1166666666666667,5.816666666666666,7.15,6.283333333333333,7.816666666666666,8.216666666666667,44.78333333333333,42.3,95.3,0.3103448275862069,0.5240641711229946
julie-sturer,HYROX PRO DOUBLES WOMEN,16-24,,Lyon,2026,4.85,5.1,6.033333333333333,4.016666666666667,6.183333333333334,7.7,6.45,4.533333333333333,6.4,5.983333333333333,6.2,2.5,6.266666666666667,2.2666666666666666,6.616666666666666,6.75,12.15,49.0,38.85,100.0,0.2670025188916877,0.5216450216450216
laurena-dhenin,HYROX PRO DOUBLES WOMEN,16-24,,Lyon,2026,4.516666666666667,4.966666666666667,6.083333333333333,4.2,6.533333333333333,8.133333333333333,6.683333333333334,4.433333333333334,7.216666666666667,5.783333333333333,6.516666666666667,2.5166666666666666,6.633333333333334,5.966666666666667,7.25,7.05,13.35,51.43333333333333,43.05,107.83333333333333,0.37701149425287356,0.5163934426229508
margot-vandenlindenloof,HYROX PRO DOUBLES WOMEN,16-29,,Mechelen,2025,4.983333333333333,3.8333333333333335,3.3833333333333333,1.2666666666666666,3.65,3.4166666666666665,3.6166666666666663,2.216666666666667,3.6,4.05,3.583333333333333,1.4166666666666667,3.5,2.5166666666666666,3.65,3.183333333333333,6.316666666666666,29.966666666666665,21.9,58.18333333333332,0.3210702341137124,0.37073170731707317
petronella-van-malsen,HYROX PRO DOUBLES WOMEN,40-49,,Mechelen,2025,5.8,4.216666666666667,4.016666666666667,1.7666666666666666,4.3,3.65,4.166666666666667,3.216666666666667,4.333333333333333,4.466666666666667,4.233333333333333,1.6333333333333333,4.233333333333333,3.1,4.65,3.75,7.183333333333334,35.733333333333334,25.8,68.71666666666667,0.3074712643678161,0.4840182648401826
susanne-lafebre,HYROX PRO DOUBLES WOMEN,30-39,,Mechelen,2025,6.566666666666666,4.483333333333333,4.35,2.2333333333333334,4.4,4.9,4.366666666666666,2.816666666666667,4.25,4.733333333333333,4.183333333333334,1.75,4.166666666666667,3.95,4.533333333333333,3.566666666666667,8.483333333333333,36.81666666666666,28.433333333333334,73.73333333333333,0.365482233502538,0.4557823129251701
maud-wever,HYROX PRO DOUBLES WOMEN,30-39,,Mechelen,2025,5.9,4.8,3.883333333333333,2.333333333333333,4.266666666666667,6.566666666666666,4.233333333333333,3.3666666666666667,4.3,4.966666666666667,4.316666666666666,1.9666666666666663,4.383333333333334,4.166666666666667,4.766666666666667,4.116666666666666,9.266666666666667,36.050000000000004,32.28333333333333,77.6,0.3418079096045199,0.35532994923857864
stefanie-mathe,HYROX PRO DOUBLES WOMEN,50-59,,Mechelen,2025,6.833333333333333,4.65,4.683333333333334,2.183333333333333,4.916666666666667,5.05,4.916666666666667,3.6166666666666663,4.883333333333334,4.883333333333334,5.083333333333333,1.9666666666666663,4.966666666666667,4.55,5.366666666666666,3.883333333333333,9.116666666666667,41.65,30.78333333333333,81.55000000000001,0.31463414634146336,0.4323432343234323
eefke-intven,HYROX PRO DOUBLES WOMEN,30-39,,Mechelen,2025,7.416666666666667,4.3,5.066666666666666,2.1166666666666667,5.566666666666666,5.133333333333334,5.533333333333333,3.6,5.783333333333333,4.75,6.2,2.15,5.85,3.883333333333333,5.833333333333333,3.733333333333333,11.8,47.25000000000001,29.666666666666664,88.71666666666667,0.31685393258426975,0.41233766233766234
sophie-wijnen,HYROX PRO DOUBLES WOMEN,30-39,,Mechelen,2025,8.116666666666667,4.366666666666666,5.35,1.75,5.883333333333334,6.066666666666666,6.183333333333334,5.233333333333333,6.233333333333333,5.25,6.233333333333333,2.1333333333333333,6.583333333333333,5.516666666666667,7.15,4.8,12.116666666666667,51.733333333333334,35.11666666666667,98.96666666666667,0.34086242299794667,0.2884615384615385
lauren-carr,HYROX PRO DOUBLES WOMEN,30-34,,Osaka,2026,2.333333333333333,4.15,4.266666666666667,2.2,4.533333333333333,3.583333333333333,4.55,2.833333333333333,4.633333333333334,4.5,4.65,1.7333333333333334,4.666666666666667,3.45,3.466666666666667,4.016666666666667,5.883333333333334,33.1,26.466666666666665,65.45000000000002,0.5000000000000001,0.6139534883720931
ania-chlebowska,HYROX PRO DOUBLES WOMEN,35-39,,Osaka,2026,2.9166666666666665,4.5,5.066666666666666,2.316666666666667,5.15,3.583333333333333,5.216666666666667,3.7666666666666666,5.15,4.35,5.3,1.8333333333333333,5.3,3.933333333333333,4.0,3.85,6.5,38.1,28.133333333333333,72.73333333333333,0.449685534591195,0.6465116279069768
tedra-bolger,HYROX PRO DOUBLES WOMEN,30-34,,Osaka,2026,2.9833333333333334,4.566666666666666,5.616666666666666,2.55,5.883333333333334,3.983333333333333,5.8,3.0166666666666666,5.883333333333334,4.783333333333333,5.7,2.1166666666666667,5.883333333333334,3.333333333333333,4.466666666666667,4.733333333333333,8.25,42.21666666666667,29.083333333333332,79.55,0.4929178470254958,0.6401673640167365
madoka-koga,HYROX PRO DOUBLES WOMEN,25-29,,Osaka,2026,3.2333333333333334,4.633333333333334,7.15,1.7166666666666666,7.2,3.0,7.683333333333334,2.6333333333333333,7.2,4.383333333333334,7.066666666666666,1.5833333333333333,7.2,3.25,4.033333333333333,3.216666666666667,8.45,50.766666666666666,24.416666666666664,83.63333333333334,0.579175704989154,0.5722222222222222
priscilla-fan,HYROX PRO DOUBLES WOMEN,40-44,,Osaka,2026,3.6666666666666665,4.783333333333333,6.8,3.1666666666666665,6.6,4.45,6.566666666666666,3.783333333333333,6.683333333333334,4.85,6.933333333333334,1.9333333333333331,6.85,4.3,5.15,4.3,8.866666666666667,49.25,31.566666666666666,89.68333333333334,0.4711538461538462,0.7116104868913857
may-san-yong,HYROX PRO DOUBLES WOMEN,35-39,,Osaka,2026,3.9166666666666665,5.45,6.983333333333333,2.933333333333333,7.416666666666667,5.416666666666667,7.2,4.416666666666667,7.066666666666666,5.366666666666666,7.016666666666667,2.183333333333333,7.066666666666666,5.55,5.283333333333333,4.566666666666666,11.933333333333334,51.94999999999999,35.88333333333334,99.76666666666665,0.4719101123595506,0.5415384615384615
yeo-genevieve,HYROX PRO DOUBLES WOMEN,30-34,,Osaka,2026,3.55,5.266666666666667,6.616666666666666,4.483333333333333,13.933333333333334,6.083333333333333,13.1,4.266666666666667,14.183333333333334,5.1,13.9,2.333333333333333,14.416666666666666,6.266666666666667,12.866666666666667,6.233333333333333,19.383333333333333,92.56666666666669,40.03333333333333,151.98333333333332,0.7537572254335261,0.7369863013698631
annie-emilsson,HYROX PRO DOUBLES WOMEN,30-34,,Oslo,2026,3.9166666666666665,4.016666666666667,3.533333333333333,1.9833333333333332,3.716666666666667,3.1166666666666667,3.633333333333333,2.216666666666667,3.683333333333333,4.266666666666667,3.75,1.5,3.75,2.9,4.466666666666667,3.3,2.566666666666667,30.449999999999996,23.3,56.31666666666666,0.20895522388059706,0.6363636363636364
inga-sandvold,HYROX PRO DOUBLES WOMEN,25-29,,Oslo,2026,4.35,4.016666666666667,4.016666666666667,2.183333333333333,4.166666666666667,3.283333333333333,4.216666666666667,2.1,4.216666666666667,4.316666666666666,4.133333333333334,1.4333333333333331,4.133333333333334,2.683333333333333,4.883333333333334,3.3666666666666667,2.7333333333333334,34.11666666666667,23.383333333333333,60.23333333333333,0.1774744027303755,0.6649746192893401
mathilde-bjonnes,HYROX PRO DOUBLES WOMEN,30-34,,Oslo,2026,4.65,4.133333333333334,4.25,2.25,4.4,3.2333333333333334,4.433333333333334,3.55,4.483333333333333,4.466666666666667,4.383333333333334,1.6,4.483333333333333,3.066666666666667,5.266666666666667,3.5166666666666666,3.033333333333333,36.35,25.816666666666666,65.2,0.1930379746835443,0.6958762886597938
monika-lindqvist,HYROX PRO DOUBLES WOMEN,40-44,,Oslo,2026,4.716666666666667,4.3,6.416666666666667,2.0,4.433333333333334,3.25,4.333333333333333,2.55,4.383333333333334,4.45,4.416666666666667,1.8666666666666667,4.516666666666667,3.066666666666667,5.233333333333333,3.4166666666666665,3.316666666666667,38.45,24.900000000000002,66.66666666666667,0.32467532467532473,0.6153846153846154
mariann-valde,HYROX PRO DOUBLES WOMEN,30-34,,Oslo,2026,5.2,4.316666666666666,4.45,2.583333333333333,4.533333333333333,3.583333333333333,4.6,3.033333333333333,4.666666666666667,4.383333333333334,4.7,1.6166666666666667,4.616666666666666,3.1666666666666665,5.233333333333333,3.566666666666667,3.433333333333333,38.0,26.25,67.68333333333334,0.14968152866242035,0.7209302325581395
kristin-kjendalen,HYROX PRO DOUBLES WOMEN,16-24,,Oslo,2026,5.066666666666666,4.333333333333333,4.5,2.35,4.683333333333334,3.3833333333333333,4.6,3.1,4.7,4.683333333333334,4.683333333333334,1.7166666666666666,4.633333333333334,3.066666666666667,5.466666666666667,4.183333333333334,3.583333333333333,38.333333333333336,26.816666666666666,68.73333333333333,0.17682926829268295,0.6945812807881774
sarah-steen,HYROX PRO DOUBLES WOMEN,40-44,,Oslo,2026,4.8,4.4,4.366666666666666,2.5166666666666666,4.65,4.083333333333333,4.666666666666667,3.1166666666666667,4.55,4.95,4.6,1.6833333333333331,4.733333333333333,3.6666666666666665,5.433333333333334,4.166666666666667,3.533333333333333,37.8,28.583333333333336,69.91666666666666,0.1963190184049081,0.616326530612245
benedikte-sundfjord,HYROX PRO DOUBLES WOMEN,30-34,,Oslo,2026,5.633333333333334,4.433333333333334,4.783333333333333,2.033333333333333,5.0,3.5166666666666666,4.85,2.8666666666666667,4.883333333333334,4.9,4.8,1.6666666666666667,4.983333333333333,3.4166666666666665,5.65,3.75,3.783333333333333,40.58333333333333,26.583333333333336,70.94999999999999,0.1533923303834809,0.5781990521327014
judith-johanne-torstvedt,HYROX PRO DOUBLES WOMEN,35-39,,Oslo,2026,5.233333333333333,4.183333333333334,4.683333333333334,2.9166666666666665,4.95,3.316666666666667,4.9,3.2,4.883333333333334,4.85,5.033333333333333,1.8333333333333333,4.9,3.6,5.7,3.683333333333333,3.75,40.28333333333333,27.583333333333336,71.61666666666667,0.1783625730994152,0.879396984924623
cecilie-alberte-christensen,HYROX PRO DOUBLES WOMEN,25-29,,Oslo,2026,5.783333333333333,4.366666666666666,5.033333333333333,1.95,5.3,3.05,5.316666666666666,2.55,5.55,4.466666666666667,5.366666666666666,1.7166666666666666,5.5,2.9833333333333334,6.833333333333333,3.566666666666667,3.45,44.68333333333334,24.65,72.78333333333333,0.2634146341463415,0.639344262295082
linda-espenes,HYROX PRO DOUBLES WOMEN,40-44,,Oslo,2026,5.416666666666667,4.483333333333333,4.75,2.4,5.05,3.883333333333333,5.033333333333333,3.683333333333333,5.216666666666667,4.7,4.983333333333333,1.8333333333333333,5.233333333333333,3.933333333333333,5.983333333333333,3.6166666666666663,3.566666666666667,41.66666666666667,28.53333333333333,73.76666666666667,0.20612813370473537,0.6180257510729614
karianne-holene,HYROX PRO DOUBLES WOMEN,35-39,,Oslo,2026,5.633333333333334,4.416666666666667,5.0,2.083333333333333,5.066666666666666,3.8333333333333335,5.1,3.1166666666666667,5.216666666666667,4.35,5.25,1.7166666666666666,5.35,3.8,6.4,4.033333333333333,3.8,43.016666666666666,27.35,74.16666666666667,0.21875000000000006,0.5434782608695651
karen-jensen,HYROX PRO DOUBLES WOMEN,40-44,,Oslo,2026,5.8,4.233333333333333,5.2,2.1,5.233333333333333,3.333333333333333,5.533333333333333,3.3833333333333333,5.416666666666667,4.466666666666667,5.533333333333333,1.5833333333333333,5.566666666666666,3.283333333333333,6.4,3.6166666666666663,4.3,44.68333333333333,26.0,74.98333333333333,0.18750000000000003,0.6300000000000001
martine-olsen,HYROX PRO DOUBLES WOMEN,25-29,,Oslo,2026,6.016666666666667,4.283333333333333,5.283333333333333,2.4833333333333334,5.383333333333334,3.6666666666666665,5.316666666666666,2.816666666666667,5.366666666666666,4.783333333333333,5.35,1.95,5.516666666666667,3.566666666666667,6.483333333333333,3.75,3.9166666666666665,44.71666666666667,27.299999999999997,75.93333333333334,0.18508997429305915,0.6772727272727274
lin-lovland,HYROX PRO DOUBLES WOMEN,40-44,,Oslo,2026,6.083333333333333,4.416666666666667,5.066666666666666,2.183333333333333,5.15,4.366666666666666,5.15,3.55,5.3,4.9,5.283333333333333,1.9666666666666663,5.316666666666666,4.166666666666667,6.4,3.983333333333333,3.883333333333333,43.74999999999999,29.53333333333333,77.16666666666666,0.20833333333333343,0.5
emelie-mattsson,HYROX PRO DOUBLES WOMEN,30-34,,Oslo,2026,5.4,4.45,4.8,3.083333333333333,5.133333333333334,4.233333333333333,5.133333333333334,3.983333333333333,5.166666666666667,5.116666666666666,5.0,1.95,5.083333333333333,4.416666666666667,5.866666666666666,4.0,5.1,41.583333333333336,31.23333333333333,77.91666666666667,0.1818181818181818,0.7283464566929133
trude-kristoffersen,HYROX PRO DOUBLES WOMEN,35-39,,Oslo,2026,5.616666666666666,4.483333333333333,4.916666666666667,2.566666666666667,5.216666666666667,4.15,5.083333333333333,4.3,5.116666666666666,4.933333333333334,5.233333333333333,1.9833333333333332,5.383333333333334,4.466666666666667,6.583333333333333,4.016666666666667,4.8,43.150000000000006,30.9,78.85000000000001,0.2531645569620252,0.6184738955823293
caroline-paulsen,HYROX PRO DOUBLES WOMEN,30-34,,Oslo,2026,5.916666666666667,4.35,5.4,2.6666666666666665,5.516666666666667,3.883333333333333,5.7,3.3,5.616666666666666,4.766666666666667,5.733333333333333,1.7666666666666666,5.766666666666667,4.516666666666667,7.133333333333334,3.783333333333333,4.133333333333334,46.78333333333333,29.03333333333333,79.95,0.24299065420560748,0.6866952789699571
mia-kristiansen,HYROX PRO DOUBLES WOMEN,30-34,,Oslo,2026,5.95,4.483333333333333,5.05,3.4166666666666665,5.183333333333334,5.05,5.116666666666666,4.9,5.183333333333334,4.75,5.366666666666666,1.65,5.366666666666666,3.95,6.483333333333333,4.716666666666667,4.366666666666666,43.7,32.916666666666664,80.98333333333333,0.22107969151670956,0.6765676567656765
louise-farestveit,HYROX PRO DOUBLES WOMEN,30-34,,Oslo,2026,6.183333333333334,4.233333333333333,5.35,3.1333333333333333,5.45,4.016666666666667,5.5,4.266666666666667,5.6,4.583333333333333,5.466666666666667,1.9166666666666667,5.816666666666666,3.683333333333333,6.65,5.133333333333334,5.533333333333333,46.01666666666667,30.966666666666665,82.51666666666668,0.19548872180451138,0.7800829875518672
mina-bjerknes,HYROX PRO DOUBLES WOMEN,16-24,,Oslo,2026,5.916666666666667,4.216666666666667,5.516666666666667,2.3666666666666667,5.783333333333333,4.116666666666666,5.75,3.716666666666667,6.133333333333334,4.783333333333333,5.75,2.033333333333333,5.533333333333333,4.2,6.983333333333333,4.45,6.066666666666666,47.36666666666667,29.883333333333333,83.31666666666668,0.2100238663484487,0.5748987854251013
adele-hagen,HYROX PRO DOUBLES WOMEN,16-24,,Oslo,2026,5.983333333333333,4.666666666666667,5.483333333333333,2.4,5.683333333333334,4.583333333333333,5.816666666666666,3.816666666666667,5.833333333333333,5.183333333333334,5.816666666666666,2.066666666666667,5.666666666666667,4.033333333333333,6.75,6.616666666666666,4.483333333333333,47.033333333333324,33.36666666666667,84.88333333333331,0.1876543209876543,0.5236363636363637
anna-terborn,HYROX PRO DOUBLES WOMEN,30-34,,Oslo,2026,6.333333333333333,4.516666666666667,5.8,2.5166666666666666,6.133333333333334,3.95,6.083333333333333,3.4166666666666665,6.3,5.133333333333334,6.35,1.8333333333333333,6.433333333333334,5.033333333333333,7.333333333333333,4.2,4.566666666666666,50.76666666666667,30.599999999999998,85.93333333333334,0.20909090909090908,0.6371308016877637
line-molde,HYROX PRO DOUBLES WOMEN,25-29,,Oslo,2026,6.916666666666667,4.8,5.9,2.4833333333333334,6.183333333333334,3.733333333333333,6.133333333333334,4.033333333333333,6.133333333333334,4.933333333333334,6.266666666666667,2.083333333333333,6.216666666666667,4.233333333333333,7.45,5.5,4.5,51.2,31.8,87.5,0.20805369127516776,0.6651785714285715
caroline-gjerde,HYROX PRO DOUBLES WOMEN,35-39,,Oslo,2026,6.35,4.566666666666666,5.766666666666667,2.583333333333333,5.8,3.8,6.033333333333333,5.7,6.366666666666666,4.833333333333333,6.15,2.033333333333333,6.2,5.016666666666667,7.6,6.15,4.966666666666667,50.26666666666667,34.68333333333333,89.91666666666667,0.24122807017543857,0.6798245614035088
lauren-witte,HYROX PRO DOUBLES WOMEN,25-29,,Oslo,2026,7.083333333333333,4.483333333333333,6.366666666666666,2.05,6.75,3.983333333333333,6.916666666666667,4.483333333333333,7.05,5.316666666666666,6.833333333333333,2.1333333333333333,6.7,3.933333333333333,7.8,4.383333333333334,6.8,55.5,30.766666666666666,93.06666666666668,0.1837606837606838,0.5146443514644351
jandi-gim,HYROX PRO DOUBLES WOMEN,30-34,,Seoul,2025,3.3,3.816666666666667,4.366666666666666,1.6166666666666667,4.733333333333333,3.6,4.6,3.066666666666667,4.75,4.0,4.9,1.7,4.733333333333333,2.7666666666666666,5.0,3.433333333333333,4.533333333333333,36.38333333333333,24.0,64.91666666666667,0.34,0.44907407407407407
gracy-baek,HYROX PRO DOUBLES WOMEN,25-29,,Seoul,2025,3.8666666666666663,4.55,5.05,1.7,5.333333333333333,4.616666666666666,5.383333333333334,2.1666666666666665,5.516666666666667,5.1,5.183333333333334,1.8666666666666667,5.183333333333334,3.4166666666666665,5.633333333333334,4.316666666666666,5.25,41.15,27.733333333333334,74.13333333333333,0.3136094674556214,0.36823104693140796
eunji-son,HYROX PRO DOUBLES WOMEN,25-29,,Seoul,2025,3.8666666666666663,4.416666666666667,5.183333333333334,2.066666666666667,5.666666666666667,4.883333333333334,6.0,2.4,5.933333333333334,4.883333333333334,5.966666666666667,2.083333333333333,6.083333333333333,4.05,6.216666666666667,3.9166666666666665,5.416666666666667,44.91666666666667,28.700000000000003,79.03333333333335,0.3780160857908848,0.4232081911262799
mei-ru-chin,HYROX PRO DOUBLES WOMEN,25-29,,Seoul,2025,4.4,4.45,5.533333333333333,1.9833333333333332,5.783333333333333,4.416666666666667,5.733333333333333,3.283333333333333,5.866666666666666,4.866666666666666,5.816666666666666,2.1166666666666667,5.833333333333333,2.833333333333333,6.433333333333334,4.033333333333333,8.433333333333334,45.400000000000006,27.983333333333334,81.81666666666666,0.31606217616580307,0.44905660377358486
bora-nam,HYROX PRO DOUBLES WOMEN,35-39,,Seoul,2025,4.766666666666667,4.316666666666666,6.3,1.8833333333333333,6.366666666666666,4.583333333333333,6.1,3.733333333333333,6.25,4.433333333333334,6.383333333333334,1.8833333333333333,6.066666666666666,3.75,6.85,4.266666666666667,7.083333333333333,49.083333333333336,28.849999999999994,85.01666666666668,0.3041362530413625,0.41090909090909095
seorim-gim,HYROX PRO DOUBLES WOMEN,25-29,,Seoul,2025,4.033333333333333,4.683333333333334,6.216666666666667,2.0166666666666666,7.883333333333334,6.716666666666667,6.9,3.033333333333333,6.4,5.2,6.366666666666666,2.083333333333333,6.283333333333333,4.066666666666666,6.733333333333333,5.616666666666666,7.033333333333333,50.81666666666666,33.416666666666664,91.26666666666665,0.48837209302325585,0.3002481389578164
jieun-yu,HYROX PRO DOUBLES WOMEN,30-34,,Seoul,2025,4.933333333333334,4.483333333333333,6.566666666666666,2.333333333333333,6.766666666666667,4.766666666666667,7.316666666666666,4.683333333333334,7.783333333333333,5.116666666666666,7.7,2.3666666666666667,7.816666666666666,5.416666666666667,9.016666666666667,4.533333333333333,9.25,57.900000000000006,33.7,100.85,0.45286506469500926,0.4895104895104895
fern-gardner,HYROX PRO DOUBLES WOMEN,30-34,,Stockholm,2025,3.45,3.9,3.6,1.6333333333333333,3.75,2.933333333333333,3.716666666666667,2.3666666666666667,3.733333333333333,4.183333333333334,3.733333333333333,1.45,3.85,2.533333333333333,4.05,3.35,4.6,29.883333333333336,22.35,56.83333333333334,0.14814814814814806,0.5568181818181819
katleena-kurkinen,HYROX PRO DOUBLES WOMEN,25-29,,Stockholm,2025,3.8,4.116666666666666,3.883333333333333,1.45,4.2,3.283333333333333,4.25,2.966666666666667,4.133333333333334,4.383333333333334,4.166666666666667,1.6166666666666667,4.366666666666666,3.083333333333333,4.466666666666667,3.7,5.2,33.266666666666666,24.599999999999998,63.06666666666668,0.14925373134328365,0.4416243654822335
kajsa-andersson,HYROX PRO DOUBLES WOMEN,30-34,,Stockholm,2025,3.55,4.25,4.183333333333334,1.9166666666666667,4.416666666666667,3.9,4.283333333333333,3.35,4.266666666666667,4.6,4.25,1.6833333333333331,4.3,3.25,4.583333333333333,3.966666666666667,5.333333333333333,33.833333333333336,26.916666666666664,66.08333333333333,0.22545454545454544,0.4914529914529915
christine-lindberg,HYROX PRO DOUBLES WOMEN,35-39,,Stockholm,2025,4.65,4.15,4.516666666666667,1.9166666666666667,4.566666666666666,3.733333333333333,4.616666666666666,2.65,4.55,4.483333333333333,4.483333333333333,1.4833333333333334,4.583333333333333,3.283333333333333,4.783333333333333,3.6166666666666663,5.966666666666667,36.75,25.31666666666667,68.03333333333333,0.06271777003484318,0.5133928571428572
mari-waagan,HYROX PRO DOUBLES WOMEN,40-44,,Stockholm,2025,4.383333333333334,4.116666666666666,4.5,2.0,4.65,4.033333333333333,4.516666666666667,3.05,4.7,4.233333333333333,4.733333333333333,1.6,4.683333333333334,2.966666666666667,5.15,3.533333333333333,6.033333333333333,37.31666666666667,25.53333333333333,68.88333333333334,0.14886731391585759,0.49586776859504134
lisa-gitsham,HYROX PRO DOUBLES WOMEN,40-44,,Stockholm,2025,4.4,4.266666666666667,4.583333333333333,2.183333333333333,4.766666666666667,3.7,4.8,3.4,4.85,4.416666666666667,4.866666666666666,1.65,4.833333333333333,3.65,5.15,3.633333333333333,6.15,38.25,26.899999999999995,71.3,0.14563106796116504,0.5900900900900901
clara-albinsson,HYROX PRO DOUBLES WOMEN,40-44,,Stockholm,2025,4.65,4.45,4.516666666666667,1.7666666666666666,4.733333333333333,4.433333333333334,4.533333333333333,3.6166666666666663,4.783333333333333,4.75,4.633333333333334,1.6333333333333333,4.683333333333334,4.566666666666666,4.8,3.933333333333333,6.083333333333333,37.33333333333333,29.15,72.56666666666666,0.059027777777777755,0.39849624060150374
elin-fransson,HYROX PRO DOUBLES WOMEN,25-29,,Stockholm,2025,4.333333333333333,4.3,4.333333333333333,3.3666666666666667,4.433333333333334,4.55,4.633333333333334,3.3666666666666667,4.816666666666666,4.85,4.85,2.0166666666666666,4.766666666666667,4.416666666666667,5.133333333333334,3.433333333333333,6.05,37.3,30.299999999999997,73.64999999999999,0.15584415584415598,0.73992673992674
sandra-kihlberg,HYROX PRO DOUBLES WOMEN,30-34,,Stockholm,2025,4.9,4.4,4.85,2.083333333333333,5.3,3.966666666666667,5.166666666666667,2.433333333333333,5.366666666666666,4.716666666666667,5.3,1.4833333333333334,5.583333333333333,2.95,5.933333333333334,4.133333333333334,6.616666666666666,42.400000000000006,26.166666666666668,75.18333333333334,0.18258426966292143,0.5252100840336134
lea-sugaiski,HYROX PRO DOUBLES WOMEN,25-29,,Stockholm,2025,4.633333333333334,4.4,4.75,2.35,4.933333333333334,4.133333333333334,4.95,3.85,5.116666666666666,4.716666666666667,5.183333333333334,2.2333333333333334,5.25,3.783333333333333,5.583333333333333,3.933333333333333,6.766666666666667,40.4,29.400000000000002,76.56666666666668,0.17014925373134315,0.5685483870967741
marte-jahren,HYROX PRO DOUBLES WOMEN,25-29,,Stockholm,2025,5.283333333333333,4.183333333333334,5.05,1.9833333333333332,5.383333333333334,3.9,5.466666666666667,3.566666666666667,5.6,4.25,5.616666666666666,1.6666666666666667,5.716666666666667,4.0,5.966666666666667,4.033333333333333,6.65,44.083333333333336,27.583333333333336,78.31666666666666,0.15363128491620118,0.5085470085470085
virginia-skounti,HYROX PRO DOUBLES WOMEN,30-34,,Stockholm,2025,4.75,4.516666666666667,5.05,2.4166666666666665,5.716666666666667,5.6,5.416666666666667,3.6666666666666665,5.466666666666667,4.883333333333334,5.616666666666666,1.7666666666666666,5.616666666666666,3.35,6.016666666666667,3.7666666666666666,7.716666666666667,43.65,29.966666666666665,81.33333333333333,0.21052631578947367,0.43154761904761907
sandrita-tolosa,HYROX PRO DOUBLES WOMEN,45-49,,Stockholm,2025,4.566666666666666,4.783333333333333,4.55,3.3833333333333333,4.883333333333334,5.933333333333334,4.883333333333334,4.116666666666666,5.433333333333334,4.916666666666667,5.25,1.7833333333333334,5.483333333333333,5.383333333333334,5.5,6.033333333333333,7.316666666666666,40.55,36.333333333333336,84.19999999999999,0.17272727272727276,0.5702247191011236
martine-dyring,HYROX PRO DOUBLES WOMEN,25-29,,Stockholm,2025,5.35,4.383333333333334,5.5,1.9833333333333332,5.816666666666666,4.283333333333333,5.716666666666667,4.283333333333333,5.883333333333334,4.783333333333333,5.85,1.9666666666666663,5.933333333333334,4.383333333333334,6.666666666666667,5.633333333333334,8.283333333333333,46.71666666666666,31.7,86.7,0.1975000000000001,0.4630350194552529
marni-girdlestone-sharp,HYROX PRO DOUBLES WOMEN,30-34,,Stockholm,2025,5.583333333333333,5.25,5.716666666666667,1.95,6.116666666666666,6.7,6.266666666666667,5.25,6.566666666666666,5.766666666666667,6.183333333333334,2.1333333333333333,6.35,4.516666666666667,6.733333333333333,4.866666666666666,9.933333333333334,49.51666666666667,36.43333333333333,95.88333333333335,0.17079207920792083,0.291044776119403
fiona-naughton,HYROX PRO DOUBLES WOMEN,30-34,,Sydney,2026,3.1,4.066666666666666,3.4,1.7666666666666666,3.5,3.7,3.5,3.2666666666666666,3.55,4.383333333333334,3.583333333333333,1.4833333333333334,3.533333333333333,3.15,4.75,3.55,5.75,28.916666666666664,25.366666666666667,60.03333333333333,0.34736842105263155,0.47747747747747743
brannon-walsh,HYROX PRO DOUBLES WOMEN,16-24,,Sydney,2026,3.3833333333333333,3.95,3.716666666666667,1.8,3.966666666666667,3.4833333333333334,3.9,2.9166666666666665,3.9166666666666665,4.383333333333334,3.966666666666667,1.85,3.983333333333333,2.9833333333333334,5.5,3.816666666666667,6.2,32.333333333333336,25.183333333333337,63.716666666666676,0.38484848484848483,0.5167464114832536
abby-coombes,HYROX PRO DOUBLES WOMEN,35-39,,Sydney,2026,3.966666666666667,4.366666666666666,4.033333333333333,1.7,4.1,3.05,4.116666666666666,2.583333333333333,4.133333333333334,4.516666666666667,4.15,1.6,4.183333333333334,3.4166666666666665,5.533333333333333,4.016666666666667,6.416666666666667,34.21666666666667,25.25,65.88333333333334,0.2831325301204819,0.5573770491803279
kristi-lane,HYROX PRO DOUBLES WOMEN,30-34,,Sydney,2026,4.2,4.283333333333333,4.05,1.65,4.1,2.8,4.2,3.683333333333333,4.25,4.566666666666666,4.166666666666667,1.65,4.333333333333333,3.85,5.9,4.266666666666667,6.7,35.2,26.75,68.64999999999999,0.31355932203389836,0.5892857142857143
ashlee-finch,HYROX PRO DOUBLES WOMEN,35-39,,Sydney,2026,4.216666666666667,4.35,4.35,1.8,4.466666666666667,3.5,4.433333333333334,3.183333333333333,4.483333333333333,4.583333333333333,4.45,1.6333333333333333,4.45,3.4166666666666665,6.083333333333333,3.716666666666667,6.8,36.93333333333334,26.18333333333333,69.91666666666667,0.3068493150684931,0.5142857142857143
alanah-bucher,HYROX PRO DOUBLES WOMEN,16-24,,Sydney,2026,3.983333333333333,4.566666666666666,4.15,2.1666666666666665,4.466666666666667,4.666666666666667,4.366666666666666,2.9166666666666665,4.366666666666666,4.75,4.383333333333334,1.7666666666666666,4.533333333333333,3.55,5.95,3.633333333333333,6.85,36.2,28.016666666666662,71.06666666666665,0.33053221288515416,0.46428571428571425
danika-matos,HYROX PRO DOUBLES WOMEN,25-29,,Sydney,2026,4.133333333333334,4.05,4.6,1.75,4.883333333333334,3.316666666666667,5.0,2.5,5.05,4.283333333333333,4.933333333333334,1.6666666666666667,5.266666666666667,2.716666666666667,7.1,3.35,7.65,40.96666666666667,23.633333333333333,72.25,0.4178403755868544,0.5276381909547738
sienna-firth,HYROX PRO DOUBLES WOMEN,16-24,,Sydney,2026,4.366666666666666,4.75,4.3,2.1333333333333333,4.416666666666667,4.15,4.566666666666666,3.3833333333333333,4.6,5.166666666666667,4.533333333333333,2.1166666666666667,4.633333333333334,3.5166666666666666,6.233333333333333,3.7,7.05,37.65,28.916666666666664,73.61666666666666,0.31016042780748665,0.5140562248995983
sarah-gradwell,HYROX PRO DOUBLES WOMEN,40-44,,Sydney,2026,4.066666666666666,4.466666666666667,4.55,2.083333333333333,5.0,3.316666666666667,4.95,2.966666666666667,5.0,4.6,5.233333333333333,1.6666666666666667,5.066666666666666,3.75,7.066666666666666,3.5166666666666666,7.5,40.93333333333334,26.366666666666667,74.80000000000001,0.42452830188679247,0.6281407035175878
tara-jury,HYROX PRO DOUBLES WOMEN,35-39,,Sydney,2026,4.8,4.533333333333333,4.833333333333333,2.1666666666666665,4.916666666666667,3.4166666666666665,4.816666666666666,3.566666666666667,4.883333333333334,5.016666666666667,4.816666666666666,1.9333333333333331,4.966666666666667,3.433333333333333,6.766666666666667,3.883333333333333,7.65,40.8,27.95,76.4,0.29064039408867,0.6341463414634146
hanna-dukes,HYROX PRO DOUBLES WOMEN,25-29,,Sydney,2026,4.533333333333333,4.516666666666667,4.666666666666667,1.65,4.883333333333334,3.9166666666666665,5.0,3.333333333333333,5.283333333333333,4.666666666666667,5.116666666666666,1.9166666666666667,5.133333333333334,3.6666666666666665,6.9,3.8333333333333335,8.766666666666667,41.516666666666666,27.5,77.78333333333332,0.34299516908212563,0.42127659574468085
rachael-louise,HYROX PRO DOUBLES WOMEN,35-39,,Sydney,2026,4.366666666666666,4.65,4.65,2.3,5.216666666666667,4.25,4.8,3.433333333333333,4.933333333333334,5.033333333333333,5.016666666666667,2.1166666666666667,4.95,4.366666666666666,7.15,3.85,8.183333333333334,41.08333333333333,30.0,79.26666666666665,0.38927738927738936,0.5411764705882353
jamie-mciver,HYROX PRO DOUBLES WOMEN,40-44,,Sydney,2026,5.033333333333333,4.45,5.15,1.95,5.416666666666667,3.3666666666666667,5.266666666666667,3.6166666666666663,5.383333333333334,4.533333333333333,5.333333333333333,1.95,5.333333333333333,4.416666666666667,7.316666666666666,3.966666666666667,8.266666666666667,44.233333333333334,28.25,80.75000000000001,0.3120728929384966,0.5792079207920792
sophie-anderson,HYROX PRO DOUBLES WOMEN,25-29,,Sydney,2026,4.583333333333333,4.366666666666666,4.816666666666666,1.9833333333333332,5.516666666666667,4.65,5.366666666666666,3.7666666666666666,5.633333333333334,4.516666666666667,5.683333333333334,1.9666666666666663,5.466666666666667,3.95,7.55,3.95,8.666666666666666,44.61666666666666,29.149999999999995,82.43333333333334,0.39293598233995586,0.42652329749103934
jaymee-lee-hunter,HYROX PRO DOUBLES WOMEN,25-29,,Sydney,2026,5.3,4.85,5.383333333333334,1.6,5.766666666666667,3.633333333333333,5.783333333333333,3.4,5.966666666666667,4.883333333333334,5.666666666666667,2.2333333333333334,5.65,3.633333333333333,7.983333333333333,3.816666666666667,8.983333333333333,47.5,28.05,84.53333333333335,0.3361169102296451,0.4403669724770643
grace-gibson,HYROX PRO DOUBLES WOMEN,30-34,,Sydney,2026,5.083333333333333,4.35,5.516666666666667,1.9,5.966666666666667,3.6666666666666665,6.366666666666666,3.4,6.866666666666666,4.533333333333333,6.516666666666667,2.0,6.383333333333334,3.6166666666666663,9.7,4.033333333333333,9.9,52.400000000000006,27.5,89.8,0.47594501718213056,0.5181818181818182
neridah-lock,HYROX PRO DOUBLES WOMEN,50-54,,Sydney,2026,5.183333333333334,4.75,5.416666666666667,2.716666666666667,5.783333333333333,5.066666666666666,5.933333333333334,4.5,6.166666666666667,5.233333333333333,6.216666666666667,2.216666666666667,6.233333333333333,7.783333333333333,8.816666666666666,7.5,9.55,49.75,39.766666666666666,99.06666666666666,0.4120982986767485,0.5361842105263158
lianne-girard,HYROX PRO DOUBLES WOMEN,30-34,,Toronto,2025,3.3833333333333333,4.25,4.033333333333333,1.8666666666666667,4.2,3.9,4.15,3.5,4.166666666666667,4.566666666666666,4.233333333333333,1.6,4.166666666666667,3.083333333333333,3.6166666666666663,3.7,3.8666666666666663,31.950000000000003,26.46666666666667,62.28333333333334,0.20078740157480318,0.47863247863247865
maria-chalker,HYROX PRO DOUBLES WOMEN,35-39,,Toronto,2025,3.533333333333333,4.25,4.25,2.15,4.5,4.216666666666667,4.45,3.066666666666667,4.6,4.766666666666667,4.55,1.7833333333333334,4.683333333333334,3.2,3.966666666666667,5.35,4.266666666666667,34.53333333333334,28.78333333333333,67.58333333333334,0.24555160142348761,0.5098814229249011
myriam-gilbert,HYROX PRO DOUBLES WOMEN,30-34,,Toronto,2025,4.05,4.383333333333334,4.85,2.35,5.15,4.15,5.133333333333334,2.5166666666666666,5.233333333333333,4.616666666666666,5.166666666666667,1.8333333333333333,5.216666666666667,3.05,4.433333333333334,3.433333333333333,6.216666666666667,39.233333333333334,26.333333333333336,71.78333333333333,0.2261146496815287,0.5662650602409638
meaghan-hector,HYROX PRO DOUBLES WOMEN,30-34,,Toronto,2025,3.816666666666667,4.516666666666667,4.683333333333334,3.3833333333333333,5.1,4.833333333333333,4.933333333333334,3.433333333333333,4.95,5.216666666666667,5.083333333333333,1.8333333333333333,5.2,3.25,4.366666666666666,4.15,5.866666666666666,38.13333333333333,30.616666666666667,74.61666666666666,0.266025641025641,0.7000000000000001
samantha-blamauer,HYROX PRO DOUBLES WOMEN,30-34,,Toronto,2025,4.616666666666666,4.716666666666667,5.366666666666666,2.566666666666667,5.55,5.233333333333333,5.433333333333334,3.433333333333333,5.716666666666667,4.983333333333333,5.633333333333334,1.6333333333333333,5.316666666666666,2.9,4.466666666666667,5.016666666666667,5.233333333333333,42.099999999999994,30.48333333333333,77.81666666666668,0.21865889212827988,0.4904458598726115
jaedyn-smail,HYROX PRO DOUBLES WOMEN,16-24,,Toronto,2025,4.7,4.7,5.05,2.1333333333333333,5.6,4.033333333333333,5.983333333333333,3.983333333333333,5.85,5.15,5.683333333333334,1.9166666666666667,5.683333333333334,3.6,4.583333333333333,4.8,6.65,43.13333333333333,30.31666666666667,80.1,0.23398328690807804,0.5289256198347108
charlotte-steel,HYROX PRO DOUBLES WOMEN,40-44,,Toronto,2025,4.916666666666667,4.616666666666666,5.433333333333334,2.433333333333333,5.783333333333333,4.8,6.0,3.95,6.066666666666666,5.066666666666666,5.983333333333333,1.9833333333333332,6.116666666666666,3.9166666666666665,5.166666666666667,4.983333333333333,6.166666666666667,45.46666666666666,31.75,83.38333333333334,0.19618528610354213,0.5069444444444444
mariana-ita,HYROX PRO DOUBLES WOMEN,30-34,,Toronto,2025,4.516666666666667,4.9,5.65,2.35,6.8,4.1,6.416666666666667,3.083333333333333,6.8,4.566666666666666,6.516666666666667,1.5666666666666669,6.433333333333334,3.2666666666666666,7.916666666666667,4.133333333333334,6.983333333333333,51.050000000000004,27.966666666666665,86.0,0.42947368421052634,0.5731707317073171
christina-pagano,HYROX PRO DOUBLES WOMEN,40-44,,Toronto,2025,5.366666666666666,5.0,6.25,2.1666666666666665,6.2,4.8,6.216666666666667,4.933333333333334,6.583333333333333,5.283333333333333,6.466666666666667,2.05,6.45,4.483333333333333,5.533333333333333,6.016666666666667,6.016666666666667,49.06666666666666,34.733333333333334,89.81666666666665,0.1848101265822785,0.4513888888888889
callie-o-grady,HYROX PRO DOUBLES WOMEN,16-24,,Toronto,2025,5.433333333333334,5.116666666666666,6.1,2.15,6.266666666666667,5.983333333333333,6.55,4.633333333333334,6.816666666666666,5.083333333333333,6.533333333333333,2.25,6.783333333333333,4.9,5.916666666666667,4.366666666666666,7.033333333333333,50.4,34.483333333333334,91.91666666666666,0.20293398533007329,0.35933147632311974
cassandra-coderre,HYROX PRO DOUBLES WOMEN,30-34,,Toronto,2025,5.0,4.933333333333334,6.016666666666667,2.7333333333333334,6.383333333333334,5.783333333333333,6.516666666666667,4.916666666666667,7.183333333333334,5.4,6.766666666666667,2.433333333333333,6.833333333333333,5.483333333333333,5.733333333333333,6.55,6.333333333333333,50.43333333333334,38.233333333333334,95.00000000000001,0.30394431554524365,0.47262247838616717
paula-chau,HYROX PRO DOUBLES WOMEN,55-59,,Toronto,2025,4.766666666666667,4.916666666666667,5.933333333333334,3.1333333333333333,6.8,6.25,6.416666666666667,4.016666666666667,6.883333333333334,5.766666666666667,6.966666666666667,2.2666666666666666,7.016666666666667,6.25,6.483333333333333,5.833333333333333,7.533333333333333,51.266666666666666,38.43333333333333,97.23333333333332,0.32066508313539194,0.5013333333333333
luisa-zapata,HYROX PRO DOUBLES WOMEN,40-44,,Toronto,2025,5.633333333333334,5.066666666666666,6.7,3.083333333333333,6.55,6.85,6.85,6.05,6.916666666666667,5.666666666666667,6.733333333333333,2.433333333333333,6.8,6.883333333333334,6.433333333333334,6.25,9.033333333333331,52.61666666666666,42.28333333333333,103.93333333333334,0.18554216867469878,0.45012165450121655
nykolyna-sault,HYROX PRO DOUBLES WOMEN,25-29,,Toronto,2025,5.883333333333334,5.2,9.166666666666666,2.2333333333333334,9.2,6.216666666666667,9.483333333333333,4.133333333333334,9.383333333333333,5.516666666666667,9.433333333333334,2.1333333333333333,9.4,4.166666666666667,6.133333333333334,4.75,8.216666666666667,68.08333333333333,34.35,110.65000000000002,0.3796133567662565,0.35924932975871315
payton-mannix,HYROX PRO DOUBLES WOMEN,25-29,,Toronto,2025,5.833333333333333,5.016666666666667,7.516666666666667,3.4833333333333334,8.666666666666666,6.516666666666667,9.583333333333334,5.966666666666667,10.016666666666667,6.066666666666666,9.783333333333331,2.183333333333333,9.833333333333334,5.35,9.3,5.583333333333333,10.166666666666666,70.53333333333333,40.16666666666667,120.86666666666666,0.41763727121464234,0.5345268542199488
marlies-bergsma,HYROX PRO DOUBLES WOMEN,25-29,,Utrecht,2025,3.7666666666666666,4.183333333333334,4.216666666666667,2.3,4.566666666666666,3.1166666666666667,4.566666666666666,2.783333333333333,4.583333333333333,4.65,4.583333333333333,1.6333333333333333,4.616666666666666,2.716666666666667,3.583333333333333,3.4833333333333334,3.333333333333333,34.483333333333334,24.866666666666667,62.68333333333334,0.22382671480144403,0.7379679144385026
lindsay-tai-tin-woei,HYROX PRO DOUBLES WOMEN,40-44,,Utrecht,2025,4.166666666666667,4.216666666666667,4.7,2.5,4.966666666666667,3.8,4.85,2.9166666666666665,5.033333333333333,4.516666666666667,4.916666666666667,1.7666666666666666,4.85,3.3666666666666667,3.8666666666666663,3.5,4.133333333333334,37.35,26.583333333333332,68.06666666666666,0.23178807947019875,0.6578947368421053
samantha-van-peer-van-trijp,HYROX PRO DOUBLES WOMEN,30-34,,Utrecht,2025,4.433333333333334,4.233333333333333,5.016666666666667,2.1666666666666665,5.216666666666667,3.966666666666667,5.216666666666667,3.283333333333333,5.25,4.666666666666667,5.2,1.5666666666666669,5.116666666666666,3.75,3.9166666666666665,4.05,4.133333333333334,39.36666666666666,27.683333333333334,71.18333333333334,0.253968253968254,0.5462184873949579
ines-peeters,HYROX PRO DOUBLES WOMEN,25-29,,Utrecht,2025,4.666666666666667,4.4,4.933333333333334,2.55,5.116666666666666,4.633333333333334,5.05,3.95,5.083333333333333,4.9,5.05,2.2666666666666666,5.066666666666666,3.9,3.883333333333333,4.016666666666667,4.116666666666666,38.85,30.616666666666667,73.58333333333333,0.241042345276873,0.5503597122302157
melanie-van-rijn,HYROX PRO DOUBLES WOMEN,25-29,,Utrecht,2025,4.333333333333333,4.166666666666667,4.916666666666667,2.1666666666666665,5.5,3.816666666666667,5.716666666666667,3.283333333333333,6.3,4.45,6.3,1.8,6.45,3.6166666666666663,4.45,4.166666666666667,4.266666666666667,43.966666666666676,27.46666666666667,75.7,0.32816537467700263,0.5676855895196505
annelies-bol,HYROX PRO DOUBLES WOMEN,50-54,,Utrecht,2025,4.666666666666667,4.366666666666666,5.05,3.583333333333333,5.516666666666667,4.783333333333333,5.65,3.7,5.616666666666666,4.566666666666666,5.833333333333333,1.8333333333333333,5.766666666666667,4.2,4.5,4.15,4.05,42.6,31.18333333333333,77.83333333333334,0.22857142857142854,0.7491289198606271
johanna-de-jongste,HYROX PRO DOUBLES WOMEN,30-34,,Utrecht,2025,4.533333333333333,4.383333333333334,4.95,3.333333333333333,5.466666666666667,5.566666666666666,5.65,3.633333333333333,5.733333333333333,4.8,5.6,2.05,5.7,3.7666666666666666,4.216666666666667,3.7,5.533333333333333,41.85000000000001,31.23333333333333,78.61666666666667,0.2645348837209302,0.5988023952095808
larissa-van-riet,HYROX PRO DOUBLES WOMEN,25-29,,Utrecht,2025,5.05,4.45,5.2,2.6166666666666667,5.716666666666667,4.3,5.766666666666667,3.45,5.983333333333333,5.133333333333334,5.683333333333334,1.8666666666666667,5.8,3.716666666666667,4.416666666666667,4.716666666666667,7.066666666666666,43.61666666666667,30.25,80.93333333333334,0.26183844011142055,0.6085271317829458
romy-besjes,HYROX PRO DOUBLES WOMEN,25-29,,Utrecht,2025,5.35,4.416666666666667,5.9,3.1333333333333333,5.9,4.683333333333334,6.216666666666667,3.45,6.416666666666667,5.166666666666667,6.366666666666666,2.216666666666667,6.05,3.883333333333333,4.8,4.133333333333334,5.766666666666667,46.99999999999999,31.083333333333336,83.85,0.25194805194805203,0.6690391459074733
sanne-wenink,HYROX PRO DOUBLES WOMEN,16-24,,Utrecht,2025,5.416666666666667,4.65,5.816666666666666,2.6,6.083333333333333,5.133333333333334,6.116666666666666,4.916666666666667,6.183333333333334,5.0,6.166666666666667,2.3,6.066666666666666,4.333333333333333,4.666666666666667,4.833333333333333,5.15,46.51666666666666,33.766666666666666,85.43333333333332,0.2452830188679245,0.5064935064935064
roos-verburg,HYROX PRO DOUBLES WOMEN,16-24,,Utrecht,2025,4.816666666666666,4.583333333333333,5.833333333333333,3.2333333333333334,6.083333333333333,5.25,6.216666666666667,4.366666666666666,6.233333333333333,5.016666666666667,6.333333333333333,2.1666666666666665,6.316666666666666,4.55,5.066666666666666,5.1,6.933333333333334,46.89999999999999,34.266666666666666,88.1,0.2394736842105263,0.6158730158730159
sara-rodrigues,HYROX PRO DOUBLES WOMEN,30-34,,Utrecht,2025,6.116666666666666,4.3,6.416666666666667,3.333333333333333,6.733333333333333,4.066666666666666,6.8,4.183333333333334,6.866666666666666,4.5,7.166666666666667,2.4166666666666665,6.916666666666667,4.133333333333334,5.3,4.966666666666667,5.9,52.316666666666656,31.9,90.11666666666667,0.2604651162790698,0.819672131147541
jolanda-oostinga,HYROX PRO DOUBLES WOMEN,45-49,,Utrecht,2025,6.316666666666666,4.75,6.783333333333333,2.95,6.733333333333333,4.4,6.933333333333334,4.533333333333333,7.166666666666667,5.15,6.916666666666667,2.25,7.016666666666667,5.233333333333333,5.35,4.116666666666666,6.616666666666666,53.21666666666666,33.38333333333333,93.21666666666665,0.25348837209302333,0.6704545454545454
dayen-spijker,HYROX PRO DOUBLES WOMEN,40-44,,Utrecht,2025,5.6,4.666666666666667,6.716666666666667,4.266666666666667,7.6,3.8333333333333335,7.816666666666666,4.0,7.916666666666667,5.216666666666667,7.55,1.8833333333333333,7.633333333333334,4.233333333333333,5.85,5.066666666666666,6.116666666666666,56.68333333333333,33.16666666666667,95.96666666666665,0.29263157894736846,1.1130434782608696
sarah-wilkens,HYROX PRO DOUBLES WOMEN,16-24,,Utrecht,2025,6.116666666666666,4.766666666666667,6.25,5.75,6.3,4.05,6.483333333333333,5.816666666666666,6.9,5.433333333333334,6.516666666666667,2.333333333333333,6.416666666666667,4.666666666666667,7.883333333333334,5.9,7.1,52.86666666666667,38.71666666666666,98.68333333333334,0.2241014799154335,1.4197530864197532
jill-neufeglise,HYROX PRO DOUBLES WOMEN,16-24,,Utrecht,2025,6.35,4.916666666666667,6.9,4.2,7.866666666666666,4.433333333333334,7.6,4.766666666666667,7.533333333333333,5.45,7.683333333333334,2.4833333333333334,8.15,4.016666666666667,6.316666666666666,5.666666666666667,7.483333333333333,58.400000000000006,35.93333333333333,101.81666666666668,0.2249488752556238,0.9473684210526315
melany-horsfall,HYROX PRO DOUBLES WOMEN,,,Utrecht,2025,6.7,5.15,7.45,4.766666666666667,7.966666666666667,6.816666666666666,8.1,5.283333333333333,8.183333333333334,5.733333333333333,8.383333333333333,2.35,8.25,5.416666666666667,6.633333333333334,7.566666666666666,9.1,61.66666666666667,43.08333333333333,113.85,0.2087475149105367,0.6992665036674817
